FID,LSOA21CD,LSOA21NM,LSOA21NMW,BNG_E,BNG_N,LAT,LONG,Coverage_p,HubDist,Distance,NormDist,Accessibility Index,CAI,No Car or vans in household(%),IMD_Rank,IMD_Decile,IMDScore,IMDRank0,IMDDec0,Employment Decile (where 1 is most deprived 10% of LSOAs),"Education, Skills and Training Score",Health Deprivation and Disability Score,Barriers to Housing and Services Score,Living Environment Score
3380,E01003543,Newham 001A,,540727,185689,51.5526,0.028398,99.83,136.5057338,0.08,0.92,50.375,1.0075,47.7,11912,4,23.221,11912,4,5,9.8,-0.1,47.1,26.8
3381,E01003544,Newham 001B,,539998,185584,51.5518,0.017849,64.23,403.4568005,0.25,0.75,32.49,0.6498,47.7,8651,3,28.703,8651,3,6,21,0.1,47.8,39.7
3383,E01003546,Newham 001C,,540377,185589,51.5517,0.023314,95.64,216.5710864,0.13,0.87,48.255,0.9651,47.7,6455,2,33.531,6455,2,4,17.7,0.3,49.8,25.2
3387,E01003550,Newham 001D,,540300,185913,51.5547,0.022333,89.77,340.1597573,0.21,0.79,45.28,0.9056,47.7,9615,3,26.959,9615,3,5,15.4,-0.3,50.8,35
3413,E01003576,Newham 002A,,542934,185981,51.5546,0.060327,,1037.684033,0.65,0.35,0.175,0.0035,47.3,4849,2,38.074,4849,2,3,25.3,0.3,49.8,29.2
3418,E01003581,Newham 002B,,542735,185695,51.5521,0.057343,,757.142901,0.47,0.53,0.265,0.0053,47.3,9714,3,26.783,9714,3,6,24.7,-0.4,49.8,33.6
3419,E01003582,Newham 002C,,543098,185587,51.551,0.062531,,1105.556581,0.69,0.31,0.155,0.0031,47.3,7600,3,30.905,7600,3,4,26.7,-0.2,47.8,30.3
3420,E01003583,Newham 002D,,542961,185391,51.5493,0.060477,,988.4980339,0.62,0.38,0.19,0.0038,47.3,8779,3,28.482,8779,3,5,21.1,0,47.8,37.1
3415,E01003578,Newham 003A,,542324,186274,51.5574,0.051653,10.08,688.1305559,0.43,0.57,5.325,0.1065,45.7,10059,4,26.188,10059,4,7,24.1,-0.2,49.5,38.4
3421,E01003584,Newham 003B,,541552,185627,51.5518,0.040265,67.5,424.9708642,0.26,0.74,34.12,0.6824,45.7,8266,3,29.49,8266,3,4,12.5,-0.1,46,29.2
3423,E01003586,Newham 003C,,541649,185146,51.5474,0.041469,96.38,255.3089065,0.15,0.85,48.615,0.9723,45.7,8043,3,29.95,8043,3,5,20,0.1,48.3,36.4
3427,E01003590,Newham 003D,,541939,185859,51.5538,0.045936,98.4,127.4862879,0.07,0.93,49.665,0.9933,45.7,4780,2,38.34,4780,2,3,17.8,0.6,52.1,26.3
3416,E01003579,Newham 004A,,542654,185397,51.5494,0.056055,11.45,662.5129819,0.41,0.59,6.02,0.1204,49.5,8778,3,28.483,8778,3,5,29.4,-0.1,46.9,37.3
3422,E01003585,Newham 004B,,542396,185452,51.55,0.052359,55.97,485.2465501,0.3,0.7,28.335,0.5667,49.5,9049,3,27.968,9049,3,6,25,0,51.3,29
3424,E01003587,Newham 004C,,542073,185263,51.5484,0.047627,100,117.1119132,0.07,0.93,50.465,1.0093,49.5,9006,3,28.048,9006,3,5,15.9,-0.3,50,23.6
3428,E01003591,Newham 004D,,542150,185588,51.5513,0.048868,100,183.2232059,0.11,0.89,50.445,1.0089,49.5,6209,2,34.139,6209,2,4,23.4,-0.1,51.7,38.2
3365,E01003528,Newham 005A,,542962,184844,51.5444,0.060269,,831.1655132,0.52,0.48,0.24,0.0048,44.9,7853,3,30.372,7853,3,4,20,-0.3,55.1,21.1
3412,E01003575,Newham 005B,,542792,185153,51.5472,0.057945,,976.341387,0.61,0.39,0.195,0.0039,44.9,8100,3,29.833,8100,3,4,26.7,-0.4,47.1,25.6
3414,E01003577,Newham 005C,,543272,185919,51.554,0.065174,,1290.574482,0.81,0.19,0.095,0.0019,44.9,4012,2,40.868,4012,2,2,23.4,0.6,53.5,28.9
3417,E01003580,Newham 005D,,543316,185201,51.5475,0.065516,,1290.19887,0.81,0.19,0.095,0.0019,44.9,6741,3,32.832,6741,3,4,25.7,-0.2,50.3,37.2
3382,E01003545,Newham 006A,,539867,185291,51.5492,0.015845,31.48,550.2975327,0.34,0.66,16.07,0.3214,53.7,9504,3,27.152,9504,3,5,14.4,0.1,49.3,24
3385,E01003548,Newham 006B,,539429,185445,51.5507,0.009593,43.31,550.380568,0.34,0.66,21.985,0.4397,53.7,12546,4,22.286,12546,4,7,15.9,-0.5,48.4,29.2
3386,E01003549,Newham 006C,,539569,185177,51.5482,0.011505,82.4,352.5435961,0.22,0.78,41.59,0.8318,53.7,10418,4,25.608,10418,4,5,14.2,-0.1,48.3,25.8
3394,E01003557,Newham 006D,,539956,185060,51.5471,0.017036,52.92,459.0790724,0.28,0.72,26.82,0.5364,53.7,5271,2,36.797,5271,2,3,11.4,0.3,51.2,39.5
3384,E01003547,Newham 007A,,541032,185709,51.5527,0.032803,47.16,474.3780742,0.29,0.71,23.935,0.4787,41.1,15291,5,18.936,15291,5,5,9.2,-0.5,41.2,27.1
3392,E01003555,Newham 007B,,541054,185293,51.5489,0.032953,46.52,475.0872283,0.29,0.71,23.615,0.4723,41.1,10282,4,25.848,10282,4,6,12.1,-0.1,44.7,36.7
3398,E01003561,Newham 007C,,541314,184910,51.5454,0.036547,17.14,696.2853747,0.43,0.57,8.855,0.1771,41.1,11544,4,23.743,11544,4,6,17.6,-0.5,49.2,28.1
3404,E01003567,Newham 007D,,541122,184960,51.5459,0.0338,2.98,730.0265914,0.45,0.55,1.765,0.0353,41.1,7033,3,32.133,7033,3,4,22.4,0,49.6,32.1
3393,E01003556,Newham 008A,,540576,185184,51.548,0.02602,99.36,237.2921491,0.14,0.86,50.11,1.0022,51.2,3646,2,42.29,3646,2,3,21.6,0.2,49.6,41.7
3395,E01003558,Newham 008B,,540432,184873,51.5453,0.023821,59.33,450.8848274,0.28,0.72,30.025,0.6005,51.2,4804,2,38.255,4804,2,4,24,0.2,50.4,36.2
3407,E01003570,Newham 008C,,540807,184874,51.5452,0.029226,26.27,549.6500407,0.34,0.66,13.465,0.2693,51.2,7384,3,31.336,7384,3,5,22.6,0.1,50.7,35.5
3408,E01003571,Newham 008D,,540839,184672,51.5434,0.029606,,792.3418861,0.49,0.51,0.255,0.0051,51.2,9039,3,27.983,9039,3,5,16.8,0,51.6,24.9
3409,E01003572,Newham 008E,,540555,184464,51.5416,0.025431,,865.2900492,0.54,0.46,0.23,0.0046,51.2,9158,3,27.781,9158,3,4,20,-0.1,47.3,24.5
3388,E01003551,Newham 009A,,540065,184741,51.5442,0.01848,10.2,672.6963456,0.42,0.58,5.39,0.1078,58.9,5894,2,34.983,5894,2,4,10.9,0.9,52.5,33.7
3390,E01003553,Newham 009B,,539694,184821,51.545,0.013165,50.04,498.3428978,0.31,0.69,25.365,0.5073,58.9,5596,2,35.838,5596,2,3,12.4,0.5,46.7,34.5
3391,E01003554,Newham 009C,,539810,184489,51.542,0.014705,,706.1934114,0.44,0.56,0.28,0.0056,58.9,12839,4,21.902,12839,4,7,10.7,-0.1,45,30.9
3396,E01003559,Newham 009D,,539403,184822,51.5451,0.008972,85.83,272.1327771,0.16,0.84,43.335,0.8667,58.9,13767,5,20.714,13767,5,7,8.6,-0.1,46.9,29.7
3366,E01003529,Newham 010A,,542389,184738,51.5436,0.051969,67.59,432.1461726,0.27,0.73,34.16,0.6832,43.6,11784,4,23.37,11784,4,6,14.8,-0.7,50.4,31.2
3367,E01003530,Newham 010B,,542756,184705,51.5432,0.057244,22.49,574.5786102,0.36,0.64,11.565,0.2313,43.6,12818,4,21.945,12818,4,6,13.9,-0.6,48.7,23.7
3368,E01003531,Newham 010C,,542070,184413,51.5407,0.047241,88.13,285.5693156,0.17,0.83,44.48,0.8896,43.6,8410,3,29.192,8410,3,5,14.2,-0.3,49.4,33
3369,E01003532,Newham 010D,,542506,184504,51.5415,0.05356,98.35,239.3617213,0.14,0.86,49.605,0.9921,43.6,10613,4,25.259,10613,4,6,11.3,-0.6,46.1,42.1
3371,E01003534,Newham 010E,,542433,185053,51.5464,0.05273,23.06,610.6334505,0.38,0.62,11.84,0.2368,43.6,10661,4,25.169,10661,4,6,19.5,-0.6,49.5,35.7
3370,E01003533,Newham 011A,,541735,184264,51.5395,0.042354,28.97,562.615455,0.35,0.65,14.81,0.2962,40.9,9258,3,27.567,9258,3,5,16.6,-0.2,47.5,38.2
3397,E01003560,Newham 011B,,541506,184826,51.5446,0.03928,16,587.2174831,0.36,0.64,8.32,0.1664,40.9,9022,3,28.024,9022,3,4,21,-0.4,49.7,30
3400,E01003563,Newham 011C,,541583,184562,51.5422,0.040283,,797.3147133,0.5,0.5,0.25,0.005,40.9,9532,3,27.104,9532,3,5,25.6,-0.5,50,31.9
3425,E01003588,Newham 011D,,541794,184904,51.5452,0.043461,94.35,390.5500444,0.24,0.76,47.555,0.9511,40.9,8411,3,29.189,8411,3,5,19,0,51.5,30.5
3426,E01003589,Newham 011E,,541975,184764,51.5439,0.046013,17.73,580.880398,0.36,0.64,9.185,0.1837,40.9,9696,3,26.805,9696,3,6,19.7,-0.1,50.4,28.1
3447,E01003616,Newham 012A,,539048,185067,51.5474,0.003952,81.48,273.5355166,0.17,0.83,41.155,0.8231,67,8296,3,29.41,8296,3,5,16.7,0.2,45.3,29.9
3448,E01003618,Newham 012C,,539288,184464,51.5419,0.007173,65.82,449.9433639,0.28,0.72,33.27,0.6654,67,9706,3,26.797,9706,3,7,10.8,-0.3,44.2,52.5
3449,E01003619,Newham 012D,,538893,184114,51.5388,0.001343,98.65,144.0501189,0.08,0.92,49.785,0.9957,67,5784,2,35.297,5784,2,4,10.2,0.6,53,40.1
32238,E01034199,Newham 012E,,538888,184896,51.5459,0.001579,100,286.7127318,0.17,0.83,50.415,1.0083,67,8005,3,30.044,8005,3,,,,,
32239,E01034200,Newham 012F,,538881,184529,51.5426,0.001334,100,226.2669246,0.14,0.86,50.43,1.0086,67,8005,3,30.044,8005,3,,,,,
3399,E01003562,Newham 014A,,541271,184571,51.5424,0.035791,,771.0791882,0.48,0.52,0.26,0.0052,41.1,10266,4,25.879,10266,4,6,18.9,-0.5,52,35.1
3401,E01003564,Newham 014B,,541277,184340,51.5403,0.035785,30.96,516.7675505,0.32,0.68,15.82,0.3164,48.3,9354,3,27.393,9354,3,5,14,-0.2,50.6,30
3402,E01003565,Newham 014C,,541607,184076,51.5378,0.040434,71.22,429.1886814,0.26,0.74,35.98,0.7196,48.3,10503,4,25.412,10503,4,7,14.1,0.1,49.8,28.7
3403,E01003566,Newham 014D,,541316,183997,51.5372,0.036209,100,231.5552821,0.14,0.86,50.43,1.0086,48.3,7833,3,30.414,7833,3,5,19.2,-0.1,49.9,34.8
3454,E01003625,Newham 015A,,543141,184552,51.5417,0.06273,3.3,848.2992486,0.53,0.47,1.885,0.0377,42.3,8697,3,28.623,8697,3,5,18,-0.3,56.8,39.2
3455,E01003626,Newham 015B,,542883,184414,51.5406,0.058957,56.06,444.9944619,0.27,0.73,28.395,0.5679,42.3,11413,4,23.921,11413,4,6,10.1,0,50.5,35.7
3456,E01003627,Newham 015C,,542891,184141,51.5381,0.058961,56.43,439.0318603,0.27,0.73,28.58,0.5716,42.3,8805,3,28.43,8805,3,5,18.6,0.2,46.7,31
3457,E01003628,Newham 015D,,543160,184049,51.5372,0.0628,10.47,642.7320362,0.4,0.6,5.535,0.1107,42.3,13234,5,21.405,13234,5,7,11.4,-0.3,47.2,29.2
3458,E01003629,Newham 015E,,542671,184031,51.5372,0.055747,98.38,336.3781259,0.21,0.79,49.585,0.9917,42.3,9618,3,26.957,9618,3,6,17.2,-0.4,49.6,46.3
3389,E01003552,Newham 016A,,540201,184627,51.5431,0.020394,,761.7362479,0.47,0.53,0.265,0.0053,47.7,8113,3,29.808,8113,3,4,16.3,-0.1,47.9,37.5
3433,E01003596,Newham 016B,,540174,183795,51.5357,0.019674,31.71,588.0941094,0.36,0.64,16.175,0.3235,47.7,10626,4,25.24,10626,4,6,18,0.1,48,28
3434,E01003597,Newham 016C,,540535,183731,51.535,0.02485,16.47,615.4637272,0.38,0.62,8.545,0.1709,47.7,10384,4,25.676,10384,4,6,18.3,-0.3,48.6,27.7
3464,E01003635,Newham 016D,,539940,184058,51.5381,0.016407,3.83,761.7877262,0.47,0.53,2.18,0.0436,47.7,10995,4,24.619,10995,4,5,10.9,-0.5,43.5,28.1
3405,E01003568,Newham 017A,,540862,183816,51.5357,0.029595,96.01,331.4732273,0.2,0.8,48.405,0.9681,47.2,11361,4,24.045,11361,4,5,12.7,-0.1,47.6,28.6
3406,E01003569,Newham 017B,,541044,183980,51.5371,0.032283,99.65,234.8967524,0.14,0.86,50.255,1.0051,47.2,9189,3,27.715,9189,3,6,15,-0.3,50.3,29.7
3410,E01003573,Newham 017C,,540979,184338,51.5403,0.03149,11.71,639.5705719,0.4,0.6,6.155,0.1231,47.2,9549,3,27.069,9549,3,5,20.1,0.2,50,30.1
3411,E01003574,Newham 017D,,540584,184186,51.5391,0.025737,6.24,730.0124249,0.45,0.55,3.395,0.0679,47.2,8339,3,29.332,8339,3,5,17.5,-0.1,50.3,35.7
3357,E01003520,Newham 018A,,542150,184069,51.5376,0.048255,99.54,160.4123272,0.09,0.91,50.225,1.0045,51,9784,3,26.667,9784,3,6,15.1,-0.6,50,27.2
3358,E01003521,Newham 018B,,542572,183804,51.5351,0.054228,56.3,448.6705432,0.28,0.72,28.51,0.5702,51,8772,3,28.488,8772,3,8,13.2,-0.5,51,61.3
3359,E01003522,Newham 018C,,542194,183847,51.5356,0.048799,81.49,419.5433327,0.26,0.74,41.115,0.8223,51,7371,3,31.365,7371,3,5,17.5,0,55.5,41.7
3362,E01003525,Newham 018D,,542343,183605,51.5334,0.050849,0.89,723.8815508,0.45,0.55,0.72,0.0144,51,7708,3,30.664,7708,3,7,17.1,-0.8,50.5,51.3
3363,E01003526,Newham 018E,,542440,183342,51.531,0.05214,,878.2326573,0.55,0.45,0.225,0.0045,51,7996,3,30.073,7996,3,5,17.3,0.1,51.5,36.3
3329,E01003488,Newham 019A,,541709,183657,51.534,0.041735,55.04,459.7820225,0.28,0.72,27.88,0.5576,52,4059,2,40.69,4059,2,2,24.7,0.3,49.5,21.4
3330,E01003489,Newham 019B,,541447,183584,51.5335,0.037931,98.35,253.1120976,0.15,0.85,49.6,0.992,52,6119,2,34.363,6119,2,4,21.8,0,50.9,25.6
3331,E01003490,Newham 019C,,541886,183488,51.5325,0.044217,4.47,614.0133809,0.38,0.62,2.545,0.0509,52,7543,3,31.017,7543,3,5,23.3,-0.1,49.8,30.6
3361,E01003524,Newham 019D,,542046,183617,51.5336,0.046574,0.06,710.2796735,0.44,0.56,0.31,0.0062,52,8734,3,28.552,8734,3,5,22.6,-0.7,49.4,49.4
3460,E01003631,Newham 020A,,539338,183215,51.5307,0.0074,100,240.1646127,0.14,0.86,50.43,1.0086,53,9440,3,27.243,9440,3,5,16.7,-0.2,44.5,37.7
3461,E01003632,Newham 020B,,539688,183337,51.5317,0.01249,100,328.3433012,0.2,0.8,50.4,1.008,53,13571,5,20.975,13571,5,6,14.5,-0.5,45.7,28.4
3462,E01003633,Newham 020C,,539394,183577,51.5339,0.008349,92.61,339.940509,0.21,0.79,46.7,0.934,53,4440,2,39.451,4440,2,2,22.7,0.4,50.7,20.4
3463,E01003634,Newham 020D,,539072,183758,51.5356,0.003782,100,323.8626282,0.2,0.8,50.4,1.008,53,7499,3,31.094,7499,3,3,21.6,0.3,51.6,21
3465,E01003636,Newham 020E,,539385,184010,51.5378,0.008391,31.19,578.2330433,0.36,0.64,15.915,0.3183,53,6945,3,32.341,6945,3,4,17,0.2,46.3,22.8
3435,E01003598,Newham 021A,,540249,183620,51.5341,0.020685,97.61,341.3143721,0.21,0.79,49.2,0.984,52.7,7435,3,31.237,7435,3,3,18.3,0,48.8,22.1
3437,E01003600,Newham 021B,,540243,183339,51.5316,0.020487,93,202.4995554,0.12,0.88,46.94,0.9388,52.7,6130,2,34.336,6130,2,3,23,0.2,49,27.5
3459,E01003630,Newham 021C,,539856,183533,51.5334,0.014988,97.22,257.1578787,0.15,0.85,49.035,0.9807,52.7,8101,3,29.832,8101,3,4,17,-0.1,45.9,25.9
3466,E01003637,Newham 021D,,539811,183780,51.5356,0.014438,66.11,417.9037022,0.26,0.74,33.425,0.6685,52.7,12791,4,21.981,12791,4,7,9.1,-0.1,46.5,31.3
3332,E01003491,Newham 022A,,541240,183621,51.5338,0.034964,91.72,247.2806249,0.15,0.85,46.285,0.9257,52.7,8256,3,29.506,8256,3,5,15,-0.4,47.6,45.9
3429,E01003592,Newham 022B,,540602,183403,51.532,0.025685,30.01,563.3073616,0.35,0.65,15.33,0.3066,52.7,6110,2,34.378,6110,2,4,15.4,0.6,47.4,37.3
3436,E01003599,Newham 022C,,541005,183475,51.5326,0.031519,79.33,384.1869665,0.24,0.76,40.045,0.8009,52.7,7477,3,31.152,7477,3,4,21.5,-0.2,50.7,27.2
32240,E01034201,Newham 022E,,541031,183220,51.5303,0.031792,26.63,553.5630438,0.34,0.66,13.645,0.2729,52.7,8735,3,28.551,8735,3,,,,,
32241,E01034202,Newham 022F,,540995,182984,51.5282,0.031179,,789.6325984,0.49,0.51,0.255,0.0051,52.7,8735,3,28.551,8735,3,,,,,
3372,E01003535,Newham 023A,,543827,182989,51.5275,0.071978,,1594.100169,1,0,0,0,42.4,3580,2,42.56,3580,2,2,32.2,0.5,53.1,30
3373,E01003536,Newham 023B,,543342,182687,51.5249,0.064868,,1138.204227,0.71,0.29,0.145,0.0029,42.4,8245,3,29.531,8245,3,4,21.7,-0.2,46.5,33.8
3450,E01003621,Newham 023C,,543045,183806,51.535,0.061044,,775.281871,0.48,0.52,0.26,0.0052,42.4,12000,4,23.076,12000,4,7,22,-0.2,46.9,25.7
3451,E01003622,Newham 023D,,543459,183821,51.5351,0.067015,,1026.119422,0.64,0.36,0.18,0.0036,42.4,6357,2,33.739,6357,2,4,23.3,0,50.6,32.4
3452,E01003623,Newham 023E,,543560,183425,51.5315,0.068309,,1323.593909,0.83,0.17,0.085,0.0017,42.4,7356,3,31.385,7356,3,4,25.3,0.1,48.6,26.3
3360,E01003523,Newham 024A,,542718,183164,51.5294,0.056073,,954.9876218,0.6,0.4,0.2,0.004,41.9,7292,3,31.507,7292,3,4,17.8,0.1,50.5,31.8
3364,E01003527,Newham 024B,,542432,183056,51.5285,0.051909,,1208.229348,0.76,0.24,0.12,0.0024,41.9,14394,5,19.947,14394,5,7,14.7,-0.6,41.5,37.8
3374,E01003537,Newham 024C,,542461,182728,51.5255,0.052194,,1325.473527,0.83,0.17,0.085,0.0017,41.9,10573,4,25.312,10573,4,6,15.7,0,43.5,42.4
3379,E01003542,Newham 024D,,542955,182907,51.527,0.059383,,1404.572828,0.88,0.12,0.06,0.0012,41.9,6748,3,32.819,6748,3,3,21.6,0.2,47.1,30
3453,E01003624,Newham 024E,,543079,183374,51.5312,0.061359,,1127.108445,0.7,0.3,0.15,0.003,41.9,7229,3,31.648,7229,3,3,23.4,0.1,47.3,26.6
3333,E01003492,Newham 025A,,541747,183067,51.5287,0.042045,,815.2203203,0.51,0.49,0.245,0.0049,41.9,10800,4,24.941,10800,4,7,21.2,-0.1,46.7,43.7
3334,E01003494,Newham 025C,,541699,182800,51.5263,0.041247,,1041.935799,0.65,0.35,0.175,0.0035,41.9,13284,5,21.333,13284,5,7,19.3,-0.8,43.2,40.5
3335,E01003495,Newham 025D,,542018,182841,51.5266,0.045858,,1187.811895,0.74,0.26,0.13,0.0026,41.9,16134,5,17.983,16134,5,7,12.8,-0.6,39.3,36.3
32242,E01034203,Newham 025E,,541612,183341,51.5312,0.040211,15.5,571.310191,0.35,0.65,8.075,0.1615,41.9,9393,3,27.328,9393,3,,,,,
32243,E01034204,Newham 025F,,541941,183202,51.5299,0.044894,,914.4431157,0.57,0.43,0.215,0.0043,41.9,9393,3,27.328,9393,3,,,,,
3431,E01003594,Newham 026A,,540164,182948,51.5281,0.019193,57.46,444.4193666,0.27,0.73,29.095,0.5819,51.4,8396,3,29.213,8396,3,4,14.9,0,49.3,26.6
3432,E01003595,Newham 026B,,540420,183102,51.5294,0.022943,87.12,368.2447544,0.23,0.77,43.945,0.8789,51.4,8140,3,29.76,8140,3,4,18.5,0.3,48.4,32.8
3439,E01003602,Newham 026C,,540730,182460,51.5235,0.027152,,1002.468696,0.63,0.37,0.185,0.0037,51.4,10115,4,26.11,10115,4,5,16.4,0.1,46.8,29.1
3443,E01003607,Newham 026D,,540705,182910,51.5276,0.026972,0.41,733.8992355,0.46,0.54,0.475,0.0095,51.4,7786,3,30.506,7786,3,4,13.3,0,50.2,31.7
3336,E01003496,Newham 027A,,539439,182881,51.5276,0.008723,100,248.8778441,0.15,0.85,50.425,1.0085,54.5,8737,3,28.548,8737,3,3,12.8,-0.1,48,18.4
3338,E01003498,Newham 027B,,539913,182682,51.5257,0.015472,23.3,628.7317493,0.39,0.61,11.955,0.2391,54.5,6586,3,33.218,6586,3,4,20.1,0.3,50.4,18.7
3340,E01003500,Newham 027C,,539039,182529,51.5246,0.002821,70.71,361.0292196,0.22,0.78,35.745,0.7149,54.5,6133,2,34.325,6133,2,3,20.2,0.4,52,29.2
3430,E01003593,Newham 027D,,539917,183105,51.5295,0.015697,100,164.4658016,0.1,0.9,50.45,1.009,54.5,6804,3,32.672,6804,3,3,17.7,0.3,52.7,23.8
3438,E01003601,Newham 028A,,541151,182162,51.5207,0.033097,,1348.886471,0.85,0.15,0.075,0.0015,47.1,5153,2,37.186,5153,2,3,24.8,0.4,46.3,35.9
3440,E01003603,Newham 028B,,541403,182628,51.5249,0.036914,,1248.504038,0.78,0.22,0.11,0.0022,47.1,12180,4,22.804,12180,4,7,15.6,-0.3,45.9,34.8
3442,E01003605,Newham 028C,,541278,183062,51.5288,0.035287,2.55,722.5578119,0.45,0.55,1.55,0.031,47.1,8278,3,29.461,8278,3,4,22.4,-0.3,48.5,38.2
3444,E01003608,Newham 028D,,541192,182719,51.5257,0.033911,,1053.823338,0.66,0.34,0.17,0.0034,47.1,11406,4,23.936,11406,4,8,11.2,-0.3,46.2,45.6
3375,E01003538,Newham 029A,,542715,182564,51.524,0.055787,,1073.634825,0.67,0.33,0.165,0.0033,40.6,7064,3,32.047,7064,3,4,23.1,0.1,49.6,33.6
3376,E01003539,Newham 029B,,541831,182379,51.5225,0.042979,,1486.954669,0.93,0.07,0.035,0.0007,40.6,9378,3,27.345,9378,3,5,18.7,-0.1,46.2,32
3377,E01003540,Newham 029C,,542904,182348,51.522,0.058422,,807.4996779,0.5,0.5,0.25,0.005,40.6,4673,2,38.68,4673,2,3,25.1,0.4,54.1,41.8
3378,E01003541,Newham 029D,,542406,182246,51.5212,0.051207,,1027.400787,0.64,0.36,0.18,0.0036,40.6,9496,3,27.163,9496,3,6,18.8,-0.4,54.7,29.1
3339,E01003499,Newham 030A,,540410,182453,51.5235,0.02254,,887.7555224,0.55,0.45,0.225,0.0045,58.7,4081,2,40.608,4081,2,3,22.4,0.5,50.2,34.7
3341,E01003501,Newham 030B,,539873,182282,51.5221,0.014737,,822.643756,0.51,0.49,0.245,0.0049,58.7,5437,2,36.283,5437,2,3,24,0.1,50.1,24.1
3342,E01003502,Newham 030C,,539982,181959,51.5192,0.016179,30.29,613.8445487,0.38,0.62,15.455,0.3091,58.7,5384,2,36.469,5384,2,4,21.3,0,49.5,36.8
3343,E01003503,Newham 030D,,539512,181779,51.5177,0.009338,73.42,382.4799615,0.23,0.77,37.095,0.7419,58.7,4459,2,39.386,4459,2,2,20.6,0.4,43.2,32.9
3345,E01003507,Newham 031A,,540551,182118,51.5205,0.024438,,1212.783153,0.76,0.24,0.12,0.0024,53.3,6282,2,33.98,6282,2,4,21.7,0.4,47.5,50.2
3346,E01003508,Newham 031B,,540242,181711,51.5169,0.019825,,884.096553,0.55,0.45,0.225,0.0045,53.3,5231,2,36.928,5231,2,4,24.9,0.4,49.2,38.2
3347,E01003509,Newham 031C,,540404,181943,51.519,0.022251,,1002.813681,0.63,0.37,0.185,0.0037,53.3,5736,2,35.443,5736,2,3,22,0.3,43.2,50.9
3441,E01003604,Newham 031D,,540918,181954,51.5189,0.029658,,1019.006545,0.64,0.36,0.18,0.0036,53.3,5642,2,35.681,5642,2,4,21.2,0.3,49.7,41.5
3324,E01003483,Newham 032A,,542083,181918,51.5183,0.046423,,1028.696672,0.64,0.36,0.18,0.0036,39.6,5149,2,37.192,5149,2,3,24.6,0.2,57.8,16.3
3325,E01003484,Newham 032B,,542576,181891,51.5179,0.053513,23.8,581.7077677,0.36,0.64,12.22,0.2444,39.6,12241,4,22.723,12241,4,6,12.5,-0.2,48.7,20.4
3353,E01003516,Newham 032C,,541339,181704,51.5166,0.035622,,777.3790987,0.48,0.52,0.26,0.0052,39.6,4284,2,39.917,4284,2,2,27.1,0.5,51.7,28.6
3355,E01003518,Newham 032D,,541604,181531,51.515,0.039369,,814.955829,0.51,0.49,0.245,0.0049,39.6,12298,4,22.636,12298,4,6,14.2,-0.3,55.6,21.3
3356,E01003519,Newham 032E,,541249,181495,51.5147,0.034242,30.33,564.8442659,0.35,0.65,15.49,0.3098,39.6,8298,3,29.409,8298,3,5,24.3,0.1,52.4,24.4
3322,E01003480,Newham 033A,,543539,180983,51.5095,0.067013,100,167.6064877,0.1,0.9,50.45,1.009,39.9,11375,4,24.019,11375,4,6,22.1,-0.3,53,19.1
3327,E01003486,Newham 033C,,543008,181564,51.5149,0.059602,94.4,109.0056304,0.06,0.94,47.67,0.9534,45.9,2519,1,47.765,2519,1,1,27.8,0.6,48.6,21.5
3328,E01003487,Newham 033D,,543528,181458,51.5138,0.067048,75.44,391.3985803,0.24,0.76,38.1,0.762,45.9,3338,2,43.594,3338,2,1,29,0.7,48.2,17
32244,E01034205,Newham 033E,,544253,182297,51.5212,0.077831,9.63,1322.10011,0.83,0.17,4.9,0.098,45.9,9464,3,27.209,9464,3,,,,,
32245,E01034206,Newham 033F,,544481,181408,51.5131,0.080751,21.82,811.2887277,0.51,0.49,11.155,0.2231,45.9,9464,3,27.209,9464,3,,,,,
32246,E01034207,Newham 033G,,544028,180743,51.5073,0.073956,91.13,186.5731123,0.11,0.89,46.01,0.9202,39.9,9464,3,27.209,9464,4,,,,,
3337,E01003497,Newham 034A,,538951,181936,51.5193,0.00132,70.21,247.2827823,0.15,0.85,35.53,0.7106,63.1,6552,2,33.279,6552,2,4,26.4,0.3,47.4,27.9
3344,E01003506,Newham 034D,,540406,181014,51.5106,0.02191,100,232.2876095,0.14,0.86,50.43,1.0086,63.1,3005,1,45.294,3005,1,2,23.2,0.9,51.4,23.6
31673,E01033584,Newham 034I,,540063,181147,51.5119,0.017023,93.56,321.0385551,0.2,0.8,47.18,0.9436,63.1,3844,2,41.55,3844,2,3,22.8,0.6,52.1,22.8
32247,E01034208,Newham 034J,,539829,181423,51.5144,0.013763,70.61,409.5521487,0.25,0.75,35.68,0.7136,63.1,3823,2,41.668,3823,2,,,,,
32248,E01034209,Newham 034K,,539606,181321,51.5136,0.010511,99,12.01033743,0,1,50,1,63.1,3823,2,41.668,3823,2,,,,,
32249,E01034210,Newham 034L,,539891,180958,51.5102,0.014471,100,156.7698826,0.09,0.91,50.455,1.0091,63.1,11093,4,24.456,11093,4,,,,,
32250,E01034211,Newham 034M,,539675,180778,51.5087,0.011289,79.66,484.7211837,0.3,0.7,40.18,0.8036,63.1,11093,4,24.456,11093,4,,,,,
32251,E01034212,Newham 034N,,540285,180688,51.5077,0.020037,100,231.1475599,0.14,0.86,50.43,1.0086,63.1,15620,5,18.55,15620,5,,,,,
3321,E01003479,Newham 035A,,542478,181238,51.5121,0.051837,90.8,344.7251688,0.21,0.79,45.795,0.9159,39.9,7984,3,30.088,7984,3,4,14.2,-0.5,63.9,23.1
3323,E01003481,Newham 035B,,542903,181059,51.5104,0.057885,100,192.2470768,0.11,0.89,50.445,1.0089,39.9,8693,3,28.627,8693,3,4,19.4,0.3,64.2,15.5
3326,E01003485,Newham 035C,,542352,181536,51.5148,0.050143,3.74,751.5448703,0.47,0.53,2.135,0.0427,39.9,11327,4,24.091,11327,4,6,14.8,-0.1,49.3,19
3350,E01003513,Newham 035D,,541939,181383,51.5135,0.044134,55.02,402.7822837,0.25,0.75,27.885,0.5577,39.9,12640,4,22.174,12640,4,7,11.7,-0.4,56.4,20.4
3348,E01003511,Newham 036A,,540263,181466,51.5147,0.02003,10.38,605.448303,0.38,0.62,5.5,0.11,48.1,5790,2,35.284,5790,2,4,26.7,0.6,49.8,21.4
3349,E01003512,Newham 036B,,541060,181376,51.5137,0.031472,83.21,410.9160409,0.25,0.75,41.98,0.8396,48.1,5783,2,35.298,5783,2,3,24.9,0.3,48.5,26.3
3351,E01003514,Newham 036C,,541514,181242,51.5124,0.037957,74.93,437.4501418,0.27,0.73,37.83,0.7566,48.1,5315,2,36.673,5315,2,2,24.1,0.6,55.1,21.4
3352,E01003515,Newham 036D,,541249,180905,51.5094,0.034006,99.61,71.92038994,0.04,0.96,50.285,1.0057,48.1,2533,1,47.7,2533,1,2,25.3,0.8,49.9,24
3354,E01003517,Newham 036E,,540702,181629,51.5161,0.026417,32.85,561.9671335,0.35,0.65,16.75,0.335,48.1,2706,1,46.731,2706,1,2,20.3,1.2,47.3,26.2
32252,E01034213,Newham 038A,,537786,185247,51.5493,-0.01417,36.42,522.277787,0.32,0.68,18.55,0.371,68.3,9402,3,27.315,9402,3,,,,,
32253,E01034214,Newham 038B,,538086,185070,51.5476,-0.00991,100,194.6749331,0.12,0.88,50.44,1.0088,68.3,9402,3,27.315,9402,3,,,,,
32254,E01034215,Newham 038C,,538244,185039,51.5473,-0.00765,100,176.818741,0.1,0.9,50.45,1.009,68.3,9402,3,27.315,9402,3,,,,,
32255,E01034216,Newham 038D,,538370,184909,51.5461,-0.00588,100,225.6140898,0.14,0.86,50.43,1.0086,68.3,9402,3,27.315,9402,3,,,,,
32256,E01034217,Newham 038E,,537941,184700,51.5443,-0.01215,95.6,253.4686415,0.15,0.85,48.225,0.9645,68.3,9402,3,27.315,9402,3,,,,,
3446,E01003615,Newham 039A,,538925,185401,51.5504,0.002312,44.66,505.6581521,0.31,0.69,22.675,0.4535,66.2,9394,3,27.328,9394,3,5,12.3,0.2,47.2,33.4
32257,E01034218,Newham 039B,,538294,185297,51.5496,-0.00682,46.47,492.7833332,0.3,0.7,23.585,0.4717,66.2,9402,3,27.315,9402,3,,,,,
32258,E01034219,Newham 039C,,538631,184823,51.5453,-0.00215,99.41,227.2413522,0.14,0.86,50.135,1.0027,66.2,9402,3,27.315,9402,3,,,,,
32259,E01034220,Newham 039D,,538390,184501,51.5424,-0.00575,100,114.9359242,0.07,0.93,50.465,1.0093,66.2,9402,3,27.315,9402,3,,,,,
32260,E01034221,Newham 039E,,538379,184026,51.5382,-0.0061,100,308.7304083,0.19,0.81,50.405,1.0081,66.2,9402,3,27.315,9402,3,,,,,
32261,E01034222,Newham 040A,,537952,183980,51.5379,-0.01227,66.33,388.165857,0.24,0.76,33.545,0.6709,70.8,9454,3,27.216,9454,3,,,,,
32262,E01034223,Newham 040B,,538393,183640,51.5347,-0.00605,81.85,499.0178597,0.31,0.69,41.27,0.8254,70.8,9454,3,27.216,9454,3,,,,,
31669,E01033579,Newham 040C,,537880,183346,51.5322,-0.01355,85.62,106.4130077,0.06,0.94,43.28,0.8656,70.8,13477,5,21.114,13477,5,10,7.2,-0.1,55.9,48.1
31674,E01033586,Newham 040D,,538630,183273,51.5313,-0.00278,60.06,464.6876835,0.29,0.71,30.385,0.6077,70.8,6075,2,34.463,6075,2,4,11.6,0.1,57.3,54
31671,E01033581,Newham 041A,,543164,180295,51.5035,0.061334,92.72,340.5059579,0.21,0.79,46.755,0.9351,48.8,5906,2,34.941,5906,2,4,14.2,0.5,56.1,22.4
31672,E01033582,Newham 041B,,543829,179993,51.5006,0.070785,17.7,691.8965603,0.43,0.57,9.135,0.1827,48.8,19333,6,14.606,19333,6,10,6.8,-0.6,51.8,23.9
3445,E01003611,Newham 041C,,543253,179952,51.5004,0.062476,100,183.6995465,0.11,0.89,50.445,1.0089,48.8,7348,3,31.396,7348,3,3,18.5,0.2,45.5,15.6
32263,E01034224,Newham 041D,,542100,180035,51.5014,0.045909,54.12,399.1583897,0.24,0.76,27.44,0.5488,48.8,12030,4,23.035,12030,4,,,,,
31670,E01033580,Newham 042A,,540729,180295,51.5041,0.026274,100,198.8905435,0.12,0.88,50.44,1.0088,60.1,25889,8,8.919,25889,8,10,5,-0.4,37,14.8
32264,E01034225,Newham 042B,,541442,180222,51.5032,0.036511,95.13,162.2835325,0.09,0.91,48.02,0.9604,60.1,12030,4,23.035,12030,4,,,,,
32265,E01034226,Newham 042C,,541453,180028,51.5015,0.036591,100,240.1206735,0.14,0.86,50.43,1.0086,60.1,12030,4,23.035,12030,4,,,,,
32266,E01034227,Newham 042D,,540832,180017,51.5015,0.027646,100,328.0502392,0.2,0.8,50.4,1.008,60.1,15262,5,18.966,15262,5,,,,,
32267,E01034228,Newham 042E,,541142,179944,51.5008,0.03208,100,208.1744016,0.12,0.88,50.44,1.0088,60.1,15262,5,18.966,15262,5,,,,,
32268,E01034229,Newham 042F,,540348,180091,51.5023,0.020707,64.04,263.6241904,0.16,0.84,32.44,0.6488,60.1,15262,5,18.966,15262,5,,,,,
32269,E01034230,Newham 042G,,540782,179864,51.5002,0.026865,97.75,404.1377002,0.25,0.75,49.25,0.985,60.1,15262,5,18.966,15262,5,,,,,
32270,E01034231,Newham 042H,,541278,179820,51.4997,0.033988,46.96,459.8696146,0.28,0.72,23.84,0.4768,60.1,15262,5,18.966,15262,5,,,,,
