FID,LSOA21CD,LSOA21NM,LSOA21NMW,BNG_E,BNG_N,LAT,LONG,GlobalID,LSOA21CD_1,RUC21CD,RUC21NM,Urban_rura,Shape_Leng,Shape__Are,Shape__Len,GlobalID_2,NormIMD,Tran_Dis,Tran_Dist,IMD_FID,IMD_LSOA21,IMD_LSOA_1,IMD_BNG_E,IMD_BNG_N,IMD_LAT,IMD_LONG,IMD_5min_C,IMD_HubDis,IMD_Distan,IMD_NormDi,IMD_Access,IMD_No Car,IMD_IMD Sc,IMD_NormIM,IMD_Income,IMD_Inco_1,IMD_Inco_2,IMD_Employ,IMD_Empl_1,IMD_Educat,IMD_Health,IMD_Barrie,IMD_Living,IMD_5min_1
3329,E01003488,Newham 019A,,541709,183657,51.534,0.041735,38b0cecb-efc9-40e6-a2fe-596ae596f7b8,E01003488,UN1,Urban: Nearer to a major town or city,Urban,2231.035641,130102.7559,2231.035641,214b2ffd-c8ed-4e5c-a4e6-ec148099474b,0.82,0,1,3329,Newham 019A,,541709,183657,51.534,0.041735,30,346.1918448,0.54,0.46,15.23,52,40.7,0.81748072,0.3,1,3282,0.2,2,24.7,0.3,49.5,21.4,30
3330,E01003489,Newham 019B,,541447,183584,51.5335,0.037931,2d5fdbe5-3180-4339-b378-1d149c0cc330,E01003489,UN1,Urban: Nearer to a major town or city,Urban,1671.189108,122658.6131,1671.189108,76b0bd98-d05c-4517-81d5-b9b5a0024d00,0.66,0,0,3330,Newham 019B,,541447,183584,51.5335,0.037931,61,137.0988116,0.2,0.8,30.9,52,34.4,0.655526992,0.2,2,4705,0.1,4,21.8,0,50.9,25.6,61
3332,E01003491,Newham 022A,,541240,183621,51.5338,0.034964,01d15f4e-0143-4f90-b761-843ebff331f4,E01003491,UN1,Urban: Nearer to a major town or city,Urban,1871.747978,103578.4404,1871.747978,99396643-d96c-483f-ad6c-37af48788532,0.53,0,0,3332,Newham 022A,,541240,183621,51.5338,0.034964,76,92.29625739,0.12,0.88,38.44,52.7,29.5,0.529562982,0.2,3,7609,0.1,5,15,-0.4,47.6,45.9,76
3403,E01003566,Newham 014D,,541316,183997,51.5372,0.036209,c35a7ce5-2cbb-4122-a324-e2880a80a97b,E01003566,UN1,Urban: Nearer to a major town or city,Urban,1672.800098,97230.3319,1672.800098,32ffc6e1-6919-418e-86f6-5d4238182c8b,0.55,0,0,3403,Newham 014D,,541316,183997,51.5372,0.036209,90,55.11009442,0.06,0.94,45.47,48.3,30.4,0.552699229,0.2,3,9823,0.1,5,19.2,-0.1,49.9,34.8,90
3406,E01003569,Newham 017B,,541044,183980,51.5371,0.032283,d044b13d-20e7-4586-95fa-ed7dd5f08fab,E01003569,UN1,Urban: Nearer to a major town or city,Urban,1642.686384,104757.9704,1642.686384,7ec360c6-b97f-4418-9461-3b693b022117,0.48,0,0,3406,Newham 017B,,541044,183980,51.5371,0.032283,90,56.16907518,0.07,0.93,45.465,47.2,27.7,0.483290488,0.2,3,9472,0.1,6,15,-0.3,50.3,29.7,90
3442,E01003605,Newham 028C,,541278,183062,51.5288,0.035287,1539a9c5-450e-43b9-b92b-3f98367325fd,E01003605,UN1,Urban: Nearer to a major town or city,Urban,2155.784568,106143.0169,2155.784568,8008420a-d147-49c2-a86b-87953a5cc6b5,0.53,0,0,3442,Newham 028C,,541278,183062,51.5288,0.035287,85,120.9979573,0.17,0.83,42.915,47.1,29.5,0.529562982,0.2,3,8848,0.1,4,22.4,-0.3,48.5,38.2,85
32240,E01034201,Newham 022E,,541031,183220,51.5303,0.031792,e6142eb9-869e-4f60-abaf-6887b9ac602d,E01034201,UN1,Urban: Nearer to a major town or city,Urban,1835.185497,70129.08408,1835.185497,8c2745bc-8fba-4280-81ae-904d66c8d2c0,,,,,,,,,,,,,,,,,,,,,,,,,,,,
32242,E01034203,Newham 025E,,541612,183341,51.5312,0.040211,aa503ab2-7461-4b00-ab21-49311656ea59,E01034203,UN1,Urban: Nearer to a major town or city,Urban,1319.036024,47395.577,1319.036024,35876e48-2cd3-43ac-89c2-8ab7f582efe0,,,,,,,,,,,,,,,,,,,,,,,,,,,,
3333,E01003492,Newham 025A,,541747,183067,51.5287,0.042045,be399d8c-645a-428d-a0f2-8c84df951e57,E01003492,UN1,Urban: Nearer to a major town or city,Urban,1961.6475,94042.06296,1961.6475,b19d01cb-662a-4724-8970-1bb3ad68b039,0.41,0,0,3333,Newham 025A,,541747,183067,51.5287,0.042045,93,46.90644593,0.05,0.95,46.975,41.9,24.9,0.411311054,0.1,5,6616,0.1,7,21.2,-0.1,46.7,43.7,93
3405,E01003568,Newham 017A,,540862,183816,51.5357,0.029595,ccfc64fc-7534-46d8-aae8-e9385ed21849,E01003568,UN1,Urban: Nearer to a major town or city,Urban,1608.013805,109774.6349,1608.013805,ef5d572e-099d-4801-a29f-84ad7fd4e9e8,0.39,0,0,3405,Newham 017A,,540862,183816,51.5357,0.029595,28,226.5930891,0.34,0.66,14.33,47.2,24,0.388174807,0.1,4,14602,0.1,5,12.7,-0.1,47.6,28.6,28
3436,E01003599,Newham 022C,,541005,183475,51.5326,0.031519,5c5f341c-ceaf-464e-bbe2-2e2b7405943a,E01003599,UN1,Urban: Nearer to a major town or city,Urban,2005.001422,133974.63,2005.001422,954d1cf5-407c-498b-bbc9-a861dfddd40f,0.57,0,1,3436,Newham 022C,,541005,183475,51.5326,0.031519,2.4,376.6898228,0.59,0.41,1.405,52.7,31.2,0.573264781,0.2,3,15850,0.1,4,21.5,-0.2,50.7,27.2,2.4
3334,E01003494,Newham 025C,,541699,182800,51.5263,0.041247,dd991fa8-7dc4-4567-a6b9-a319c1bf60d1,E01003494,UN1,Urban: Nearer to a major town or city,Urban,2054.601271,105741.8984,2054.601271,4f39606b-ef4b-46a2-a443-dd7120e44541,0.32,0,0,3334,Newham 025C,,541699,182800,51.5263,0.041247,89,132.3330363,0.19,0.81,44.905,41.9,21.3,0.318766067,0.1,5,17572,0.1,7,19.3,-0.8,43.2,40.5,89
3335,E01003495,Newham 025D,,542018,182841,51.5266,0.045858,71d80515-2133-4190-8a81-378233102d50,E01003495,UN1,Urban: Nearer to a major town or city,Urban,1681.731202,118728.2427,1681.731202,1fc71bf4-6ac3-4090-9088-3fa0735173bd,0.23,0,0,3335,Newham 025D,,542018,182841,51.5266,0.045858,24,202.6994086,0.31,0.69,12.345,41.9,18,0.233933162,0.1,5,11074,0.1,7,12.8,-0.6,39.3,36.3,24
3364,E01003527,Newham 024B,,542432,183056,51.5285,0.051909,56e06971-859b-4b47-a9ac-7c8ea616d8fe,E01003527,UN1,Urban: Nearer to a major town or city,Urban,1870.49485,164340.7824,1870.49485,90a238a6-d104-4a59-b6c9-87d7f15ffff8,0.28,1,0,3364,Newham 024B,,542432,183056,51.5285,0.051909,9.6,350.6202261,0.55,0.45,5.025,41.9,19.9,0.28277635,0.1,6,9078,0.1,7,14.7,-0.6,41.5,37.8,9.6
3374,E01003537,Newham 024C,,542461,182728,51.5255,0.052194,3fa0cc11-4414-4bb6-9b9f-46cf68ffe1fc,E01003537,UN1,Urban: Nearer to a major town or city,Urban,2650.136319,193919.2966,2650.136319,0eb6b7b7-07e2-4854-b4e0-47cbb4d3d3f6,0.42,1,0,3374,Newham 024C,,542461,182728,51.5255,0.052194,27,354.9201434,0.56,0.44,13.72,41.9,25.3,0.42159383,0.1,4,7699,0.1,6,15.7,0,43.5,42.4,27
3376,E01003539,Newham 029B,,541831,182379,51.5225,0.042979,efec0c32-bc11-490a-b529-615b7104c655,E01003539,UN1,Urban: Nearer to a major town or city,Urban,3092.573014,248369.4049,3092.573014,9b46d6ec-836a-40b3-9466-fa0ceb57b657,0.47,0,0,3376,Newham 029B,,541831,182379,51.5225,0.042979,64,86.22713163,0.11,0.89,32.445,40.6,27.3,0.473007712,0.2,3,7080,0.1,5,18.7,-0.1,46.2,32,64
32243,E01034204,Newham 025F,,541941,183202,51.5299,0.044894,609916f3-3eed-490f-b226-98864b719fcf,E01034204,UN1,Urban: Nearer to a major town or city,Urban,1466.983303,93534.62939,1466.983303,1e8d1328-116f-46cf-8895-dfa95cd258dc,,,,,,,,,,,,,,,,,,,,,,,,,,,,
3336,E01003496,Newham 027A,,539439,182881,51.5276,0.008723,be225b8c-7eee-486c-b5d8-c110003078a9,E01003496,UN1,Urban: Nearer to a major town or city,Urban,1895.383322,189437.6419,1895.383322,60ea8472-933c-4ca4-bb1b-3daa3c46d900,0.5,0,0,3336,Newham 027A,,539439,182881,51.5276,0.008723,28,279.8043065,0.43,0.57,14.285,54.5,28.5,0.503856041,0.2,3,5747,0.1,3,12.8,-0.1,48,18.4,28
3338,E01003498,Newham 027B,,539913,182682,51.5257,0.015472,e452dd50-d05d-4836-9bb9-55ff72aa423e,E01003498,UN1,Urban: Nearer to a major town or city,Urban,3222.218106,233096.3287,3222.218106,06f66d5e-7e60-448f-8de2-14405c2aa76a,0.62,0,0,3338,Newham 027B,,539913,182682,51.5257,0.015472,71,87.63717392,0.12,0.88,35.94,54.5,33.2,0.624678663,0.2,3,8342,0.1,4,20.1,0.3,50.4,18.7,71
3340,E01003500,Newham 027C,,539039,182529,51.5246,0.002821,ceed940e-0235-43be-9f78-70df3b15176b,E01003500,UN1,Urban: Nearer to a major town or city,Urban,5801.504342,741747.0923,5801.504342,8bfb5ab0-7f7c-4ebf-89c8-49de3c80aa83,0.65,0,0,3340,Newham 027C,,539039,182529,51.5246,0.002821,40,109.9033962,0.15,0.85,20.425,54.5,34.3,0.652956298,0.2,3,13616,0.1,3,20.2,0.4,52,29.2,40
3430,E01003593,Newham 027D,,539917,183105,51.5295,0.015697,78cb3e1b-e062-40b0-b3e2-56dcfac67a74,E01003593,UN1,Urban: Nearer to a major town or city,Urban,1425.84651,108849.6519,1425.84651,acacf367-4fab-464a-a8b7-0ae9f113fcf4,0.61,0,0,3430,Newham 027D,,539917,183105,51.5295,0.015697,58,151.9671858,0.22,0.78,29.39,54.5,32.7,0.611825193,0.2,2,2564,0.1,3,17.7,0.3,52.7,23.8,58
3460,E01003631,Newham 020A,,539338,183215,51.5307,0.0074,00a58efb-bc56-4593-a890-142a3fa97be0,E01003631,UN1,Urban: Nearer to a major town or city,Urban,2302.268563,165621.4174,2302.268563,4b34a025-91a6-4efc-89eb-8409b8565ff5,0.47,0,0,3460,Newham 020A,,539338,183215,51.5307,0.0074,60,25.53596677,0.02,0.98,30.49,53,27.2,0.470437018,0.2,3,2747,0.1,5,16.7,-0.2,44.5,37.7,60
3461,E01003632,Newham 020B,,539688,183337,51.5317,0.01249,12162e5c-a629-4d93-b5d6-efc8676357e3,E01003632,UN1,Urban: Nearer to a major town or city,Urban,1965.293203,136922.8911,1965.293203,6fa3e84d-716e-4372-94fd-8abae88efc7b,0.31,0,0,3461,Newham 020B,,539688,183337,51.5317,0.01249,42,218.4453401,0.33,0.67,21.335,53,21,0.311053985,0.1,5,2728,0.1,6,14.5,-0.5,45.7,28.4,42
3344,E01003506,Newham 034D,,540406,181014,51.5106,0.02191,8fc1e332-1080-4f6f-b942-5f5bc1836947,E01003506,UN1,Urban: Nearer to a major town or city,Urban,1700.262,106292.6411,1700.262,b403df80-f628-48b3-ad41-0f97018b902b,0.94,0,0,3344,Newham 034D,,540406,181014,51.5106,0.02191,88,89.93145086,0.12,0.88,44.44,63.1,45.3,0.935732648,0.3,1,2931,0.2,2,23.2,0.9,51.4,23.6,88
3352,E01003515,Newham 036D,,541249,180905,51.5094,0.034006,2a2886cf-d7bd-4295-a82f-363e25684f57,E01003515,UN1,Urban: Nearer to a major town or city,Urban,6195.620921,745939.0429,6195.620922,b8a76c10-4e5c-4885-b8b2-ecc588ac6bc5,1,0,0,3352,Newham 036D,,541249,180905,51.5094,0.034006,44,122.2917246,0.17,0.83,22.415,48.1,47.7,0.997429306,0.3,1,5783,0.2,2,25.3,0.8,49.9,24,44
3354,E01003517,Newham 036E,,540702,181629,51.5161,0.026417,800a3b8b-e30b-438e-9937-bedf56188a03,E01003517,UN1,Urban: Nearer to a major town or city,Urban,3713.241066,274535.2849,3713.241066,1057ff75-47e9-402e-9e1b-c3deb4d98809,0.97,0,0,3354,Newham 036E,,540702,181629,51.5161,0.026417,71,40.73558642,0.04,0.96,35.98,48.1,46.7,0.971722365,0.3,1,9696,0.2,2,20.3,1.2,47.3,26.2,71
31673,E01033584,Newham 034I,,540063,181147,51.5119,0.017023,d3b6adff-bf75-4c06-a426-f91feb713a69,E01033584,UN1,Urban: Nearer to a major town or city,Urban,2558.205232,150662.1074,2558.205232,0108a325-fd89-4690-84ad-249593195d6c,0.84,0,0,31673,Newham 034I,,540063,181147,51.5119,0.017023,73,40.57802655,0.04,0.96,36.98,63.1,41.6,0.840616967,0.3,1,7569,0.1,3,22.8,0.6,52.1,22.8,73
32249,E01034210,Newham 034L,,539891,180958,51.5102,0.014471,56aac99c-d690-4b70-8010-d5052a730881,E01034210,UN1,Urban: Nearer to a major town or city,Urban,2083.349439,97068.44306,2083.349439,48b4db04-c7d0-4a7a-9749-e511b885c493,,,,,,,,,,,,,,,,,,,,,,,,,,,,
32251,E01034212,Newham 034N,,540285,180688,51.5077,0.020037,fdbff5a5-8d0a-4cf8-afb5-981f5659f9cb,E01034212,UN1,Urban: Nearer to a major town or city,Urban,2603.173774,288258.5281,2603.173774,861af7ed-d273-4b57-882e-0bb26ba857a6,,,,,,,,,,,,,,,,,,,,,,,,,,,,
3341,E01003501,Newham 030B,,539873,182282,51.5221,0.014737,566adb54-0e67-47f9-baa8-9d25805cb98d,E01003501,UN1,Urban: Nearer to a major town or city,Urban,2752.782172,158394.8661,2752.782172,cd1b44ef-d677-41fc-a196-ffa9e41e9fde,0.7,0,0,3341,Newham 030B,,539873,182282,51.5221,0.014737,48,256.1143485,0.39,0.61,24.305,58.7,36.3,0.70437018,0.2,2,6628,0.1,3,24,0.1,50.1,24.1,48
3345,E01003507,Newham 031A,,540551,182118,51.5205,0.024438,c0ffff66-48f9-4806-b4d3-cad532124a34,E01003507,UN1,Urban: Nearer to a major town or city,Urban,2430.314866,142061.2399,2430.314866,015e40e2-88c7-4885-b243-ad6c150db3f0,0.65,0,0,3345,Newham 031A,,540551,182118,51.5205,0.024438,86,86.19015036,0.11,0.89,43.445,53.3,34,0.645244216,0.2,3,6791,0.1,4,21.7,0.4,47.5,50.2,86
3346,E01003508,Newham 031B,,540242,181711,51.5169,0.019825,0440a7a3-24af-4633-9e81-845f3e8c630b,E01003508,UN1,Urban: Nearer to a major town or city,Urban,2768.653138,130822.9872,2768.653138,943e4622-c6d8-4000-856d-53d177418b1e,0.72,0,0,3346,Newham 031B,,540242,181711,51.5169,0.019825,45,243.4071447,0.37,0.63,22.815,53.3,36.9,0.719794344,0.2,3,4038,0.1,4,24.9,0.4,49.2,38.2,45
3347,E01003509,Newham 031C,,540404,181943,51.519,0.022251,4ac9e4d6-982b-4c2f-95f0-ecf9fd74a1a1,E01003509,UN1,Urban: Nearer to a major town or city,Urban,1528.849843,104258.6346,1528.849843,9302ed5b-3687-43e1-8f1c-91ce6021e029,0.68,0,0,3347,Newham 031C,,540404,181943,51.519,0.022251,62,115.6030766,0.16,0.84,31.42,53.3,35.4,0.681233933,0.2,3,13950,0.1,3,22,0.3,43.2,50.9,62
3348,E01003511,Newham 036A,,540263,181466,51.5147,0.02003,6e460906-cb2e-4cae-9ba7-d09c38909208,E01003511,UN1,Urban: Nearer to a major town or city,Urban,1761.598314,91744.28558,1761.598314,e6c80b88-420b-4b92-84cd-58fb893d0c22,0.68,0,1,3348,Newham 036A,,540263,181466,51.5147,0.02003,4.3,346.7413771,0.54,0.46,2.38,48.1,35.3,0.678663239,0.2,3,9400,0.1,4,26.7,0.6,49.8,21.4,4.3
32247,E01034208,Newham 034J,,539829,181423,51.5144,0.013763,1f016b59-25bf-4708-99e2-b1fe8e3a88bd,E01034208,UN1,Urban: Nearer to a major town or city,Urban,2245.030162,149959.8945,2245.030162,b4f29b5f-10bd-495e-8c16-1c49de935ce8,,,,,,,,,,,,,,,,,,,,,,,,,,,,
3349,E01003512,Newham 036B,,541060,181376,51.5137,0.031472,947436bc-c85d-4e5a-942d-a14a88d0cbf2,E01003512,UN1,Urban: Nearer to a major town or city,Urban,3407.782888,129007.5339,3407.782888,1f5a6148-82c7-467a-b130-cd2227b7fa21,0.68,0,0,3349,Newham 036B,,541060,181376,51.5137,0.031472,65,85.13922018,0.11,0.89,32.945,48.1,35.3,0.678663239,0.2,3,10740,0.1,3,24.9,0.3,48.5,26.3,65
3351,E01003514,Newham 036C,,541514,181242,51.5124,0.037957,a81fa2be-74da-45a2-8997-0af1380996a2,E01003514,UN1,Urban: Nearer to a major town or city,Urban,2865.861702,177852.4584,2865.861702,2dbe992e-6a1e-418c-be95-0720d568dfbe,0.71,0,1,3351,Newham 036C,,541514,181242,51.5124,0.037957,7,319.5701011,0.5,0.5,3.75,48.1,36.7,0.714652956,0.2,3,16257,0.2,2,24.1,0.6,55.1,21.4,7
3353,E01003516,Newham 032C,,541339,181704,51.5166,0.035622,a4ecf1b3-4c8d-41c4-be68-6d50f770cb23,E01003516,UN1,Urban: Nearer to a major town or city,Urban,2508.148677,134899.7574,2508.148677,d26f0b5e-691a-4718-9220-ed43d88e2912,0.8,0,0,3353,Newham 032C,,541339,181704,51.5166,0.035622,89,50.3671816,0.06,0.94,44.97,39.6,39.9,0.796915167,0.3,2,7793,0.2,2,27.1,0.5,51.7,28.6,89
3355,E01003518,Newham 032D,,541604,181531,51.515,0.039369,bcfb09e6-45ca-47b1-abb3-ca322e3daca0,E01003518,UN1,Urban: Nearer to a major town or city,Urban,2768.300413,180621.0984,2768.300413,2132c12b-7000-4dd6-8f4d-e4a9389fc262,0.35,0,0,3355,Newham 032D,,541604,181531,51.515,0.039369,59,98.50879463,0.13,0.87,29.935,39.6,22.6,0.35218509,0.1,5,10805,0.1,6,14.2,-0.3,55.6,21.3,59
3356,E01003519,Newham 032E,,541249,181495,51.5147,0.034242,eeba4e91-2fc3-45f2-8b8d-721cb697e918,E01003519,UN1,Urban: Nearer to a major town or city,Urban,1333.974876,62241.23432,1333.974876,4a5f40f8-dc33-4e38-b6f5-02d638b50b55,0.53,0,0,3356,Newham 032E,,541249,181495,51.5147,0.034242,48,191.4743529,0.29,0.71,24.355,39.6,29.4,0.526992288,0.2,3,10617,0.1,5,24.3,0.1,52.4,24.4,48
3331,E01003490,Newham 019C,,541886,183488,51.5325,0.044217,233c0330-5f24-43aa-b485-02583ca87179,E01003490,UN1,Urban: Nearer to a major town or city,Urban,2092.72715,100644.3679,2092.72715,0b74ea16-92ec-48a8-96e5-038a1befbc80,0.57,0,1,3331,Newham 019C,,541886,183488,51.5325,0.044217,12,365.1892649,0.57,0.43,6.215,52,31,0.568123393,0.2,2,8969,0.1,5,23.3,-0.1,49.8,30.6,12
3357,E01003520,Newham 018A,,542150,184069,51.5376,0.048255,34619c5f-2560-4577-a9a9-08d8c8b1e6fe,E01003520,UN1,Urban: Nearer to a major town or city,Urban,2441.052702,130230.6204,2441.052702,ce9ca3eb-947a-41ac-bcaf-f21e36762a57,0.46,0,0,3357,Newham 018A,,542150,184069,51.5376,0.048255,56,104.7300347,0.15,0.85,28.425,51,26.7,0.457583548,0.1,4,7801,0.1,6,15.1,-0.6,50,27.2,56
3358,E01003521,Newham 018B,,542572,183804,51.5351,0.054228,3dc86957-72a5-4ad6-9357-fd58fcf6dfa1,E01003521,UN1,Urban: Nearer to a major town or city,Urban,2207.138077,136301.0823,2207.138077,d66ff8b7-7144-4591-82e9-360496fbcef9,0.5,0,0,3358,Newham 018B,,542572,183804,51.5351,0.054228,86,74.82980804,0.1,0.9,43.45,51,28.5,0.503856041,0.1,5,6064,0.1,8,13.2,-0.5,51,61.3,86
3359,E01003522,Newham 018C,,542194,183847,51.5356,0.048799,a49ea6bd-bd30-4b61-a1ae-4f787fa044db,E01003522,UN1,Urban: Nearer to a major town or city,Urban,1321.228795,78206.31834,1321.228795,b2890606-2133-4660-84c4-a2b46a7ecc3a,0.58,0,0,3359,Newham 018C,,542194,183847,51.5356,0.048799,27,207.1732284,0.31,0.69,13.845,51,31.4,0.57840617,0.2,3,5983,0.1,5,17.5,0,55.5,41.7,27
3361,E01003524,Newham 019D,,542046,183617,51.5336,0.046574,93b53e4c-8af2-455e-b638-8902b8d55002,E01003524,UN1,Urban: Nearer to a major town or city,Urban,1728.325196,88078.38318,1728.325196,060daa81-dc96-42d7-bbcf-73c12405b688,0.51,0,0,3361,Newham 019D,,542046,183617,51.5336,0.046574,45,164.2365294,0.24,0.76,22.88,52,28.6,0.506426735,0.1,4,10573,0.1,5,22.6,-0.7,49.4,49.4,45
3362,E01003525,Newham 018D,,542343,183605,51.5334,0.050849,55da863c-be9c-4540-9269-e061c13be263,E01003525,UN1,Urban: Nearer to a major town or city,Urban,2312.062608,129160.3486,2312.062608,70711478-8da8-4513-9be1-79610ae346c2,0.56,0,0,3362,Newham 018D,,542343,183605,51.5334,0.050849,86,22.47159208,0.01,0.99,43.495,51,30.7,0.560411311,0.1,4,11285,0.1,7,17.1,-0.8,50.5,51.3,86
3363,E01003526,Newham 018E,,542440,183342,51.531,0.05214,bab6e75f-95c2-4746-89da-54a6d70f9aca,E01003526,UN1,Urban: Nearer to a major town or city,Urban,2091.463336,107078.6944,2091.463336,bd8a7869-c5ed-4455-b800-174207bfc68c,0.54,0,0,3363,Newham 018E,,542440,183342,51.531,0.05214,61,169.8706087,0.25,0.75,30.875,51,30.1,0.544987147,0.2,3,10320,0.1,5,17.3,0.1,51.5,36.3,61
3360,E01003523,Newham 024A,,542718,183164,51.5294,0.056073,f392b6fe-68f4-492c-977f-459db106825e,E01003523,UN1,Urban: Nearer to a major town or city,Urban,2776.29239,205482.5934,2776.29239,30f9a0ab-8c50-4dfb-927b-926594019b5e,0.58,0,0,3360,Newham 024A,,542718,183164,51.5294,0.056073,80,72.20739162,0.09,0.91,40.455,41.9,31.5,0.580976864,0.2,3,10825,0.1,4,17.8,0.1,50.5,31.8,80
3379,E01003542,Newham 024D,,542955,182907,51.527,0.059383,9dada3ff-cd1c-4a20-ad30-05bd18e6ec86,E01003542,UN1,Urban: Nearer to a major town or city,Urban,2538.004715,134232.7686,2538.004715,9e3b58bf-bfdd-4b08-ae25-04a1d8955651,0.61,0,0,3379,Newham 024D,,542955,182907,51.527,0.059383,79,122.7280733,0.17,0.83,39.915,41.9,32.8,0.614395887,0.2,2,11454,0.1,3,21.6,0.2,47.1,30,79
3365,E01003528,Newham 005A,,542962,184844,51.5444,0.060269,4e5cd327-9295-4026-84c7-1aeeaf70aecf,E01003528,UN1,Urban: Nearer to a major town or city,Urban,1965.712803,79663.2829,1965.712803,aeed9571-ea5c-4bee-a640-1094b49016cc,0.55,0,0,3365,Newham 005A,,542962,184844,51.5444,0.060269,31,232.7511477,0.36,0.64,15.82,44.9,30.4,0.552699229,0.2,2,14855,0.1,4,20,-0.3,55.1,21.1,31
3366,E01003529,Newham 010A,,542389,184738,51.5436,0.051969,14922776-c369-40be-bff7-746a64787f4b,E01003529,UN1,Urban: Nearer to a major town or city,Urban,2070.172669,117871.1451,2070.172669,8e1e424c-30b4-41ca-b230-82b58e52aa10,0.37,0,0,3366,Newham 010A,,542389,184738,51.5436,0.051969,83,117.298754,0.17,0.83,41.915,43.6,23.4,0.372750643,0.1,4,7802,0.1,6,14.8,-0.7,50.4,31.2,83
3367,E01003530,Newham 010B,,542756,184705,51.5432,0.057244,72baffb8-0cca-457f-952c-48f8611f9c6d,E01003530,UN1,Urban: Nearer to a major town or city,Urban,1615.823317,120731.1654,1615.823317,853e3885-201a-4461-a24a-b8f972c9541f,0.33,0,0,3367,Newham 010B,,542756,184705,51.5432,0.057244,48,180.2725442,0.27,0.73,24.365,43.6,21.9,0.334190231,0.1,4,7119,0.1,6,13.9,-0.6,48.7,23.7,48
3369,E01003532,Newham 010D,,542506,184504,51.5415,0.05356,648e0129-436c-4231-a9a4-92dc7b45d9db,E01003532,UN1,Urban: Nearer to a major town or city,Urban,1746.925609,111865.9545,1746.925609,41211f9c-9592-47f5-8d42-8414c122cd0f,0.42,0,0,3369,Newham 010D,,542506,184504,51.5415,0.05356,95,86.42842079,0.12,0.88,47.94,43.6,25.3,0.42159383,0.2,4,6952,0.1,6,11.3,-0.6,46.1,42.1,95
3371,E01003534,Newham 010E,,542433,185053,51.5464,0.05273,4a9aacf2-f8e4-475d-81aa-28b7fce7474e,E01003534,UN1,Urban: Nearer to a major town or city,Urban,1817.606305,137215.3385,1817.606305,3d8808ec-2170-4ff3-b98d-64ccda7f9f29,0.42,0,0,3371,Newham 010E,,542433,185053,51.5464,0.05273,58,209.8462163,0.32,0.68,29.34,43.6,25.2,0.419023136,0.1,4,10513,0.1,6,19.5,-0.6,49.5,35.7,58
3454,E01003625,Newham 015A,,543141,184552,51.5417,0.06273,78839971-a2bc-47e5-b1c0-a57152cdeaae,E01003625,UN1,Urban: Nearer to a major town or city,Urban,3640.301713,318912.8923,3640.301713,66f3c9f3-126f-4b23-a5f5-0410737b3645,0.51,0,1,3454,Newham 015A,,543141,184552,51.5417,0.06273,0,625.8927257,1,0,0,42.3,28.6,0.506426735,0.1,4,9991,0.1,5,18,-0.3,56.8,39.2,0
3455,E01003626,Newham 015B,,542883,184414,51.5406,0.058957,6ab54e70-1e33-4636-ba0b-df30e87d6c94,E01003626,UN1,Urban: Nearer to a major town or city,Urban,1617.975951,102569.7356,1617.975951,d2ef0082-ac7b-48ca-8414-f2070156f80e,0.39,0,0,3455,Newham 015B,,542883,184414,51.5406,0.058957,1.5,266.9340759,0.41,0.59,1.045,42.3,23.9,0.385604113,0.1,5,7185,0.1,6,10.1,0,50.5,35.7,1.5
3368,E01003531,Newham 010C,,542070,184413,51.5407,0.047241,c0882768-10c7-45af-bb93-d65624ff3fb2,E01003531,UN1,Urban: Nearer to a major town or city,Urban,2412.356332,222401.0347,2412.356332,25491db0-7a31-4a60-83cd-b4481b5aecb6,0.52,0,0,3368,Newham 010C,,542070,184413,51.5407,0.047241,70,92.54768373,0.13,0.87,35.435,43.6,29.2,0.5218509,0.2,3,7842,0.1,5,14.2,-0.3,49.4,33,70
3456,E01003627,Newham 015C,,542891,184141,51.5381,0.058961,72bf218b-2198-4ce5-9633-cebf0f261a66,E01003627,UN1,Urban: Nearer to a major town or city,Urban,1673.364415,76271.98174,1673.364415,7e539ab7-9d54-46e9-a645-97977d618793,0.5,1,1,3456,Newham 015C,,542891,184141,51.5381,0.058961,0,446.9799303,0.71,0.29,0.145,42.3,28.4,0.501285347,0.2,3,9187,0.1,5,18.6,0.2,46.7,31,0
3412,E01003575,Newham 005B,,542792,185153,51.5472,0.057945,83ee8c77-d264-4ac1-83f3-741e57201a3a,E01003575,UN1,Urban: Nearer to a major town or city,Urban,2284.17757,147304.52,2284.17757,604ac64f-6837-4e84-b56d-ec05fde298a4,0.54,0,0,3412,Newham 005B,,542792,185153,51.5472,0.057945,41,145.7952017,0.21,0.79,20.895,44.9,29.8,0.537275064,0.2,3,8576,0.1,4,26.7,-0.4,47.1,25.6,41
3416,E01003579,Newham 004A,,542654,185397,51.5494,0.056055,16f830a0-1187-4975-bac4-911c3a816dac,E01003579,UN1,Urban: Nearer to a major town or city,Urban,1968.638221,98302.28942,1968.638221,f2993794-c54e-4133-aa59-0040a201d958,0.5,0,0,3416,Newham 004A,,542654,185397,51.5494,0.056055,47,205.2240013,0.31,0.69,23.845,49.5,28.5,0.503856041,0.2,4,8444,0.1,5,29.4,-0.1,46.9,37.3,47
3422,E01003585,Newham 004B,,542396,185452,51.55,0.052359,fcdada16-a317-4b27-9405-b9de987cc641,E01003585,UN1,Urban: Nearer to a major town or city,Urban,1580.553693,72930.12492,1580.553693,31c6e857-bc41-4c8a-8def-fbce31c2b15d,0.49,0,0,3422,Newham 004B,,542396,185452,51.55,0.052359,18,277.8548572,0.43,0.57,9.285,49.5,28,0.491002571,0.2,4,4955,0.1,6,25,0,51.3,29,18
3424,E01003587,Newham 004C,,542073,185263,51.5484,0.047627,a2c52491-da2c-4ec2-910d-c41fc727dac4,E01003587,UN1,Urban: Nearer to a major town or city,Urban,3325.452334,161177.65,3325.452334,8354c0a6-ecdc-48f0-adc6-f923c0b93fca,0.49,0,0,3424,Newham 004C,,542073,185263,51.5484,0.047627,64,171.0548803,0.25,0.75,32.375,49.5,28,0.491002571,0.2,3,15162,0.1,5,15.9,-0.3,50,23.6,64
3425,E01003588,Newham 011D,,541794,184904,51.5452,0.043461,c6e0b592-b250-40b8-926c-52d0f925bca5,E01003588,UN1,Urban: Nearer to a major town or city,Urban,1762.341287,74496.91395,1762.341287,5e06d427-5f73-46db-bb73-0d90e7e9ad73,0.52,0,0,3425,Newham 011D,,541794,184904,51.5452,0.043461,17,317.7081673,0.49,0.51,8.755,40.9,29.2,0.5218509,0.2,3,6454,0.1,5,19,0,51.5,30.5,17
3426,E01003589,Newham 011E,,541975,184764,51.5439,0.046013,f06d9cee-ec5a-4fcb-ae4d-c57c8c315276,E01003589,UN1,Urban: Nearer to a major town or city,Urban,1620.094894,137437.0081,1620.094894,2f037a78-6d2f-4dff-b81b-c13d6f93496c,0.46,0,0,3426,Newham 011E,,541975,184764,51.5439,0.046013,25,276.9477176,0.43,0.57,12.785,40.9,26.8,0.460154242,0.2,3,5724,0.1,6,19.7,-0.1,50.4,28.1,25
3388,E01003551,Newham 009A,,540065,184741,51.5442,0.01848,8d2a7ad6-6d56-42a5-b498-8915408e38f3,E01003551,UN1,Urban: Nearer to a major town or city,Urban,1717.3069,95354.01312,1717.3069,80d4bad3-faa6-4e3d-ac9d-a3334ec4623a,0.67,0,0,3388,Newham 009A,,540065,184741,51.5442,0.01848,65,141.4399579,0.21,0.79,32.895,58.9,35,0.670951157,0.2,3,10923,0.1,4,10.9,0.9,52.5,33.7,65
3389,E01003552,Newham 016A,,540201,184627,51.5431,0.020394,ae3a4f89-716e-4871-9178-ca10648e2c3b,E01003552,UN1,Urban: Nearer to a major town or city,Urban,1957.519894,106435.4352,1957.519894,4f7f77d1-ab96-497f-a14e-92139ce21001,0.54,0,0,3389,Newham 016A,,540201,184627,51.5431,0.020394,19,277.8549564,0.43,0.57,9.785,47.7,29.8,0.537275064,0.2,3,15700,0.1,4,16.3,-0.1,47.9,37.5,19
3390,E01003553,Newham 009B,,539694,184821,51.545,0.013165,be551d7d-c3b1-4e97-880e-dcce7bcbc766,E01003553,UN1,Urban: Nearer to a major town or city,Urban,1900.108169,104076.3767,1900.108169,5d4fadf8-42ac-4a46-a6e2-01511cd5988f,0.69,0,0,3390,Newham 009B,,539694,184821,51.545,0.013165,74,120.3320959,0.17,0.83,37.415,58.9,35.8,0.69151671,0.2,2,13549,0.1,3,12.4,0.5,46.7,34.5,74
3391,E01003554,Newham 009C,,539810,184489,51.542,0.014705,69335914-c265-4dc8-bfa0-c2e413e62fe9,E01003554,UN1,Urban: Nearer to a major town or city,Urban,1849.64639,97792.53904,1849.64639,015e6d2d-b567-4fe5-a223-abe982be7b74,0.33,0,0,3391,Newham 009C,,539810,184489,51.542,0.014705,21,220.956902,0.34,0.66,10.83,58.9,21.9,0.334190231,0.1,5,12721,0.1,7,10.7,-0.1,45,30.9,21
3394,E01003557,Newham 006D,,539956,185060,51.5471,0.017036,a945d5c2-149f-4a46-b97b-ef2c55a73a88,E01003557,UN1,Urban: Nearer to a major town or city,Urban,2852.2375,176312.037,2852.2375,bdf6a345-2be9-438a-a85f-2b17dafcc5bf,0.72,0,0,3394,Newham 006D,,539956,185060,51.5471,0.017036,75,160.2374688,0.24,0.76,37.88,53.7,36.8,0.71722365,0.2,2,5941,0.1,3,11.4,0.3,51.2,39.5,75
3395,E01003558,Newham 008B,,540432,184873,51.5453,0.023821,de6093cc-663b-4610-a8a8-84c635cf544c,E01003558,UN1,Urban: Nearer to a major town or city,Urban,2242.601808,150344.8925,2242.601808,ffa90e62-ed12-4b4d-a16e-a960639404f7,0.76,0,0,3395,Newham 008B,,540432,184873,51.5453,0.023821,85,111.2820766,0.16,0.84,42.92,51.2,38.3,0.755784062,0.2,2,8277,0.1,4,24,0.2,50.4,36.2,85
3386,E01003549,Newham 006C,,539569,185177,51.5482,0.011505,d1277b13-1267-4254-bac2-c420547ca945,E01003549,UN1,Urban: Nearer to a major town or city,Urban,2267.846897,118320.659,2267.846897,ede68839-2076-42e1-9451-8d743e2dab61,0.43,0,0,3386,Newham 006C,,539569,185177,51.5482,0.011505,66,138.0624538,0.2,0.8,33.4,53.7,25.6,0.429305913,0.1,4,11323,0.1,5,14.2,-0.1,48.3,25.8,66
3396,E01003559,Newham 009D,,539403,184822,51.5451,0.008972,0652f86a-563f-4c65-b4b7-2d83016840a9,E01003559,UN1,Urban: Nearer to a major town or city,Urban,2542.630518,154925.4576,2542.630518,ff66650d-72a5-41b8-9089-727e0b903219,0.3,0,0,3396,Newham 009D,,539403,184822,51.5451,0.008972,90,77.90378583,0.1,0.9,45.45,58.9,20.7,0.303341902,0.1,5,11076,0.1,7,8.6,-0.1,46.9,29.7,90
3448,E01003618,Newham 012C,,539288,184464,51.5419,0.007173,792f5692-1451-472b-aaa5-129ceeb9f92a,E01003618,UN1,Urban: Nearer to a major town or city,Urban,2285.939582,160469.1146,2285.939582,9cc2ba97-6832-4dd1-bedd-9a900ee69df2,0.46,0,0,3448,Newham 012C,,539288,184464,51.5419,0.007173,71,62.5454918,0.08,0.92,35.96,67,26.8,0.460154242,0.1,5,9162,0.1,7,10.8,-0.3,44.2,52.5,71
3464,E01003635,Newham 016D,,539940,184058,51.5381,0.016407,5e820211-32e2-4068-a15e-7ca774fb4ec2,E01003635,UN1,Urban: Nearer to a major town or city,Urban,3748.525576,396524.8893,3748.525576,e0cbaaae-32c5-4006-a7f1-e3b97458a494,0.4,0,0,3464,Newham 016D,,539940,184058,51.5381,0.016407,45,199.37955,0.3,0.7,22.85,47.7,24.6,0.403598972,0.1,4,8542,0.1,5,10.9,-0.5,43.5,28.1,45
3465,E01003636,Newham 020E,,539385,184010,51.5378,0.008391,0a787fd3-c0e0-4e1a-b002-03ec4624658a,E01003636,UN1,Urban: Nearer to a major town or city,Urban,2611.089084,196109.3238,2611.089084,a100c091-ea08-4077-a9b7-4384c832430b,0.6,0,0,3465,Newham 020E,,539385,184010,51.5378,0.008391,67,61.89273093,0.07,0.93,33.965,53,32.3,0.601542416,0.2,2,9813,0.1,4,17,0.2,46.3,22.8,67
3397,E01003560,Newham 011B,,541506,184826,51.5446,0.03928,eda7bbd6-6404-4f1f-86f8-311bde89f7c6,E01003560,UN1,Urban: Nearer to a major town or city,Urban,1258.543549,79389.43534,1258.543549,d2c618d0-abfb-4afe-a006-b51ddb143b84,0.49,0,0,3397,Newham 011B,,541506,184826,51.5446,0.03928,40,177.0290134,0.26,0.74,20.37,40.9,28,0.491002571,0.2,3,9503,0.1,4,21,-0.4,49.7,30,40
3398,E01003561,Newham 007C,,541314,184910,51.5454,0.036547,83086a89-0b0e-460d-a8ab-b5aef563332d,E01003561,UN1,Urban: Nearer to a major town or city,Urban,2194.416272,79551.92329,2194.416272,24b083e3-362c-4433-823e-1524312abdb2,0.38,0,0,3398,Newham 007C,,541314,184910,51.5454,0.036547,92,61.27709682,0.07,0.93,46.465,41.1,23.7,0.380462725,0.1,4,9768,0.1,6,17.6,-0.5,49.2,28.1,92
3399,E01003562,Newham 014A,,541271,184571,51.5424,0.035791,088a8714-b38f-42e8-a0f2-a33cafc0b1a8,E01003562,UN1,Urban: Nearer to a major town or city,Urban,1946.357483,98370.33146,1946.357483,8a8a9b4a-92e5-49f8-a6e7-051299ef06ef,0.44,0,0,3399,Newham 014A,,541271,184571,51.5424,0.035791,97,105.1969894,0.15,0.85,48.925,41.1,25.9,0.437017995,0.1,4,12531,0.1,6,18.9,-0.5,52,35.1,97
3400,E01003563,Newham 011C,,541583,184562,51.5422,0.040283,ce7704c7-7a42-4df5-8d2e-e152e11d008a,E01003563,UN1,Urban: Nearer to a major town or city,Urban,1413.378818,91063.65065,1413.378818,d7b6e544-4093-4dcf-a727-5edcec4ab06b,0.47,0,0,3400,Newham 011C,,541583,184562,51.5422,0.040283,40,200.7040778,0.3,0.7,20.35,40.9,27.1,0.467866324,0.2,3,3809,0.1,5,25.6,-0.5,50,31.9,40
3423,E01003586,Newham 003C,,541649,185146,51.5474,0.041469,8708ad30-d2c3-4dc7-807e-d71944fdce63,E01003586,UN1,Urban: Nearer to a major town or city,Urban,2054.965174,149160.4492,2054.965174,9479af40-b020-447a-8265-e5aeb3f2b43c,0.54,0,0,3423,Newham 003C,,541649,185146,51.5474,0.041469,62,106.6171434,0.15,0.85,31.425,45.7,30,0.542416452,0.2,3,6105,0.1,5,20,0.1,48.3,36.4,62
3370,E01003533,Newham 011A,,541735,184264,51.5395,0.042354,88548508-ee95-4fbf-a337-9dc854e19183,E01003533,UN1,Urban: Nearer to a major town or city,Urban,1946.087911,114452.16,1946.087911,0354ec34-d982-4f9f-af43-8b038d12d34e,0.48,0,0,3370,Newham 011A,,541735,184264,51.5395,0.042354,81,104.8551873,0.15,0.85,40.925,40.9,27.6,0.480719794,0.2,3,9322,0.1,5,16.6,-0.2,47.5,38.2,81
3401,E01003564,Newham 014B,,541277,184340,51.5403,0.035785,74d7b30d-b0f8-430a-83ad-5892e35ce667,E01003564,UN1,Urban: Nearer to a major town or city,Urban,1925.478242,108723.5874,1925.478242,8d7248fe-94a1-4d2e-8e6f-1af2ab3d1adf,0.48,0,0,3401,Newham 014B,,541277,184340,51.5403,0.035785,67,181.3291908,0.27,0.73,33.865,48.3,27.4,0.475578406,0.2,3,8288,0.1,5,14,-0.2,50.6,30,67
3402,E01003565,Newham 014C,,541607,184076,51.5378,0.040434,ad01c6cc-e659-4dc6-881d-0a9ceab888a0,E01003565,UN1,Urban: Nearer to a major town or city,Urban,1316.243413,90240.8645,1316.243413,bd027597-e86e-4557-82a4-4ff8b2fa1e33,0.42,0,0,3402,Newham 014C,,541607,184076,51.5378,0.040434,94,88.42974531,0.12,0.88,47.44,48.3,25.4,0.424164524,0.2,3,7772,0.1,7,14.1,0.1,49.8,28.7,94
3392,E01003555,Newham 007B,,541054,185293,51.5489,0.032953,298c6b23-31f3-42d0-abcb-e29b4d033fbc,E01003555,UN1,Urban: Nearer to a major town or city,Urban,2161.662427,168528.2625,2161.662427,b539db9e-6f4f-47ab-9b79-78339a2b35bf,0.43,0,0,3392,Newham 007B,,541054,185293,51.5489,0.032953,36,220.0459666,0.33,0.67,18.335,41.1,25.8,0.434447301,0.1,4,6664,0.1,6,12.1,-0.1,44.7,36.7,36
3393,E01003556,Newham 008A,,540576,185184,51.548,0.02602,086cd3cd-60bd-4cc6-8158-f91d08248aa4,E01003556,UN1,Urban: Nearer to a major town or city,Urban,2115.949436,138028.7688,2115.949436,6edacfbd-a067-4e0e-b33e-a03351de8448,0.86,0,0,3393,Newham 008A,,540576,185184,51.548,0.02602,74,117.134765,0.17,0.83,37.415,51.2,42.3,0.858611825,0.3,2,10897,0.1,3,21.6,0.2,49.6,41.7,74
3404,E01003567,Newham 007D,,541122,184960,51.5459,0.0338,5106b813-e351-4f80-896b-ec23750ecc4e,E01003567,UN1,Urban: Nearer to a major town or city,Urban,1663.375086,98159.67957,1663.375086,0033574b-bb8f-49a6-865d-77a21458cf75,0.6,0,0,3404,Newham 007D,,541122,184960,51.5459,0.0338,92,153.1899438,0.22,0.78,46.39,41.1,32.1,0.596401028,0.2,2,8831,0.1,4,22.4,0,49.6,32.1,92
3407,E01003570,Newham 008C,,540807,184874,51.5452,0.029226,2508a3df-4aa3-4c37-83f6-cfe1293f6bdc,E01003570,UN1,Urban: Nearer to a major town or city,Urban,1818.724733,102583.0207,1818.724733,b3b2c28f-a606-4b8b-972d-7e3951dd5a19,0.58,0,0,3407,Newham 008C,,540807,184874,51.5452,0.029226,81,183.3874223,0.27,0.73,40.865,51.2,31.3,0.575835476,0.2,3,10781,0.1,5,22.6,0.1,50.7,35.5,81
3408,E01003571,Newham 008D,,540839,184672,51.5434,0.029606,703e5e8d-cb50-419e-a30b-ac76bc11dcca,E01003571,UN1,Urban: Nearer to a major town or city,Urban,1991.708032,105063.8665,1991.708032,4b550e0c-47e1-4102-a086-07d4174cf376,0.49,0,0,3408,Newham 008D,,540839,184672,51.5434,0.029606,69,201.3621329,0.3,0.7,34.85,51.2,28,0.491002571,0.2,3,7849,0.1,5,16.8,0,51.6,24.9,69
3411,E01003574,Newham 017D,,540584,184186,51.5391,0.025737,af0b43c0-cbbf-4baa-b7f0-df976c46a9e9,E01003574,UN1,Urban: Nearer to a major town or city,Urban,2635.604574,189281.5593,2635.604574,cf8be3fb-329f-4f90-94c9-d75a9b3b9121,0.52,0,0,3411,Newham 017D,,540584,184186,51.5391,0.025737,72,190.9000663,0.29,0.71,36.355,47.2,29.3,0.524421594,0.2,3,5062,0.1,5,17.5,-0.1,50.3,35.7,72
3429,E01003592,Newham 022B,,540602,183403,51.532,0.025685,4a083700-9fb1-40dc-b866-1ad9a4a0cb9c,E01003592,UN1,Urban: Nearer to a major town or city,Urban,2228.972335,146191.5792,2228.972335,c80d3fe6-e9d7-4742-be19-82a773a7b571,0.66,0,0,3429,Newham 022B,,540602,183403,51.532,0.025685,20,274.8822562,0.42,0.58,10.29,52.7,34.4,0.655526992,0.2,3,12550,0.1,4,15.4,0.6,47.4,37.3,20
3433,E01003596,Newham 016B,,540174,183795,51.5357,0.019674,b21f1e68-b2bf-4bde-ae7b-d964237908e0,E01003596,UN1,Urban: Nearer to a major town or city,Urban,2620.810812,111756.023,2620.810812,0890506f-3cd6-47f4-b2f8-1ae57cd3238c,0.42,0,0,3433,Newham 016B,,540174,183795,51.5357,0.019674,78,31.25721445,0.02,0.98,39.49,47.7,25.2,0.419023136,0.1,4,10807,0.1,6,18,0.1,48,28,78
3434,E01003597,Newham 016C,,540535,183731,51.535,0.02485,778562db-4f0d-4026-b405-aff962e0d66d,E01003597,UN1,Urban: Nearer to a major town or city,Urban,1719.336137,89695.70461,1719.336137,06e3c6d9-2269-4c75-b6a0-5b9bffbc29e0,0.43,0,0,3434,Newham 016C,,540535,183731,51.535,0.02485,57,168.2828411,0.25,0.75,28.875,47.7,25.7,0.431876607,0.2,3,6823,0.1,6,18.3,-0.3,48.6,27.7,57
3410,E01003573,Newham 017C,,540979,184338,51.5403,0.03149,0c4f5589-0b37-49a0-8ec9-5b5d958ce6f9,E01003573,UN1,Urban: Nearer to a major town or city,Urban,1929.547386,99558.64574,1929.547386,48cdf8b2-5d51-4872-aaed-d50cbf89d35a,0.47,0,0,3410,Newham 017C,,540979,184338,51.5403,0.03149,51,140.8247205,0.2,0.8,25.9,47.2,27.1,0.467866324,0.1,4,8742,0.1,5,20.1,0.2,50,30.1,51
3409,E01003572,Newham 008E,,540555,184464,51.5416,0.025431,048cd9b6-4863-4271-980b-e9bd517a6293,E01003572,UN1,Urban: Nearer to a major town or city,Urban,1662.724723,93765.97794,1662.724723,151d8916-b96a-4ef8-882a-81b4d36f38c1,0.49,0,0,3409,Newham 008E,,540555,184464,51.5416,0.025431,88,54.00450391,0.06,0.94,44.47,51.2,27.8,0.485861183,0.2,3,3961,0.1,4,20,-0.1,47.3,24.5,88
3413,E01003576,Newham 002A,,542934,185981,51.5546,0.060327,197dd817-dba0-4955-a9c0-080f12cb4f6a,E01003576,UN1,Urban: Nearer to a major town or city,Urban,3099.615087,149613.3477,3099.615087,c9258644-2315-4f6e-bfbd-2f467447fd8b,0.75,0,0,3413,Newham 002A,,542934,185981,51.5546,0.060327,94,39.76040686,0.04,0.96,47.48,47.3,38.1,0.750642674,0.2,2,6907,0.1,3,25.3,0.3,49.8,29.2,94
3415,E01003578,Newham 003A,,542324,186274,51.5574,0.051653,261f8f22-4ea4-4e9d-a72d-90f8850c02ac,E01003578,UN1,Urban: Nearer to a major town or city,Urban,4989.852426,828028.2005,4989.852426,b3eedf6d-8db9-4268-94e1-b5e17ed8e24f,0.44,0,0,3415,Newham 003A,,542324,186274,51.5574,0.051653,14,444.4110695,0.7,0.3,7.15,45.7,26.2,0.444730077,0.1,4,6082,0.1,7,24.1,-0.2,49.5,38.4,14
3418,E01003581,Newham 002B,,542735,185695,51.5521,0.057343,0677f5c4-f130-4776-9275-294f96156959,E01003581,UN1,Urban: Nearer to a major town or city,Urban,1639.118912,101581.8062,1639.118912,14234859-f535-42a8-b46f-00d832b35db8,0.46,0,0,3418,Newham 002B,,542735,185695,51.5521,0.057343,75,78.47842547,0.1,0.9,37.95,47.3,26.8,0.460154242,0.1,4,7294,0.1,6,24.7,-0.4,49.8,33.6,75
3419,E01003582,Newham 002C,,543098,185587,51.551,0.062531,473d31f6-c96b-4963-a02b-d26d99771e85,E01003582,UN1,Urban: Nearer to a major town or city,Urban,1567.680582,85713.98265,1567.680582,43e38dca-e229-4db2-9344-52f07c9856bd,0.57,0,0,3419,Newham 002C,,543098,185587,51.551,0.062531,50,175.546708,0.26,0.74,25.37,47.3,30.9,0.565552699,0.2,3,7798,0.1,4,26.7,-0.2,47.8,30.3,50
3420,E01003583,Newham 002D,,542961,185391,51.5493,0.060477,2ecc98b5-8a69-4828-b7e9-5cac3965001b,E01003583,UN1,Urban: Nearer to a major town or city,Urban,1830.764946,98123.37259,1830.764946,cfcd00ca-8d96-40e2-9cba-0712ed2064b8,0.5,0,0,3420,Newham 002D,,542961,185391,51.5493,0.060477,79,69.5323709,0.09,0.91,39.955,47.3,28.5,0.503856041,0.2,3,6404,0.1,5,21.1,0,47.8,37.1,79
3414,E01003577,Newham 005C,,543272,185919,51.554,0.065174,8d5577c8-b6b1-4c45-820e-d09f6f3f94c6,E01003577,UN1,Urban: Nearer to a major town or city,Urban,2459.354643,174715.6889,2459.354643,1c0e805f-5c3a-4224-8296-818371ce4615,0.82,0,0,3414,Newham 005C,,543272,185919,51.554,0.065174,22,277.7038104,0.43,0.57,11.285,44.9,40.9,0.822622108,0.3,2,6192,0.2,2,23.4,0.6,53.5,28.9,22
3417,E01003580,Newham 005D,,543316,185201,51.5475,0.065516,85beb7ee-a8a2-47a4-8ad0-ba95f89c6e02,E01003580,UN1,Urban: Nearer to a major town or city,Urban,2025.223577,223495.0629,2025.223577,a387dcea-1467-49a9-a886-2addec0236ed,0.61,0,1,3417,Newham 005D,,543316,185201,51.5475,0.065516,3.1,388.4818071,0.61,0.39,1.745,44.9,32.8,0.614395887,0.2,3,4787,0.1,4,25.7,-0.2,50.3,37.2,3.1
3428,E01003591,Newham 004D,,542150,185588,51.5513,0.048868,3f60323c-3e87-4e67-b096-e4c7cbc9333e,E01003591,UN1,Urban: Nearer to a major town or city,Urban,2697.650088,164584.2449,2697.650088,b672e837-51b0-4eed-85fa-ed98db240650,0.65,0,0,3428,Newham 004D,,542150,185588,51.5513,0.048868,87,16.28833639,0,1,44,49.5,34.1,0.64781491,0.2,2,14933,0.1,4,23.4,-0.1,51.7,38.2,87
3431,E01003594,Newham 026A,,540164,182948,51.5281,0.019193,f7ef18e7-0875-494d-9a43-44d6019cec37,E01003594,UN1,Urban: Nearer to a major town or city,Urban,2251.880436,115949.3788,2251.880436,746e5fd1-9fab-47bb-a51e-81f779bb7709,0.52,0,0,3431,Newham 026A,,540164,182948,51.5281,0.019193,79,214.5564381,0.33,0.67,39.835,51.4,29.2,0.5218509,0.2,3,6435,0.1,4,14.9,0,49.3,26.6,79
3432,E01003595,Newham 026B,,540420,183102,51.5294,0.022943,70b0d78a-2f12-4842-b23f-4a4ac9e3566e,E01003595,UN1,Urban: Nearer to a major town or city,Urban,1967.200314,92474.18372,1967.200314,f4c3ad13-2a7e-4531-a5b7-fd53e4982d4d,0.54,0,0,3432,Newham 026B,,540420,183102,51.5294,0.022943,84,116.4982109,0.16,0.84,42.42,51.4,29.8,0.537275064,0.2,3,10752,0.1,4,18.5,0.3,48.4,32.8,84
3437,E01003600,Newham 021B,,540243,183339,51.5316,0.020487,c6df4924-9ae3-452f-b88b-b9b4eabadf98,E01003600,UN1,Urban: Nearer to a major town or city,Urban,2713.253928,110210.8899,2713.253928,43e9dd07-db8b-446a-a4f1-d86ae47796de,0.65,0,0,3437,Newham 021B,,540243,183339,51.5316,0.020487,89,74.04925536,0.09,0.91,44.955,52.7,34.3,0.652956298,0.2,2,7708,0.1,3,23,0.2,49,27.5,89
3459,E01003630,Newham 021C,,539856,183533,51.5334,0.014988,0529503c-8000-40ce-8ae4-c8e14633e3a2,E01003630,UN1,Urban: Nearer to a major town or city,Urban,2504.621678,104332.3324,2504.621678,6ba791e6-39d4-4251-ae15-554f3bc9ae44,0.54,0,0,3459,Newham 021C,,539856,183533,51.5334,0.014988,90,54.42157677,0.06,0.94,45.47,52.7,29.8,0.537275064,0.2,2,,0.1,4,17,-0.1,45.9,25.9,90
3435,E01003598,Newham 021A,,540249,183620,51.5341,0.020685,6564d00e-827c-486c-bdad-d489e53010e6,E01003598,UN1,Urban: Nearer to a major town or city,Urban,1698.957878,71890.86195,1698.957878,a018377e-af95-462a-9013-3582037bad7b,0.57,0,0,3435,Newham 021A,,540249,183620,51.5341,0.020685,70,142.2010099,0.21,0.79,35.395,52.7,31.2,0.573264781,0.2,2,11884,0.1,3,18.3,0,48.8,22.1,70
3466,E01003637,Newham 021D,,539811,183780,51.5356,0.014438,78e82277-fe0e-4916-bd69-9af4cf79ced2,E01003637,UN1,Urban: Nearer to a major town or city,Urban,2113.94204,94156.0002,2113.94204,55ca869d-0406-46b4-8b68-8583122462b1,0.34,0,0,3466,Newham 021D,,539811,183780,51.5356,0.014438,51,186.8522732,0.28,0.72,25.86,52.7,22,0.336760925,0.1,5,16380,0.1,7,9.1,-0.1,46.5,31.3,51
3438,E01003601,Newham 028A,,541151,182162,51.5207,0.033097,f5a4993b-6f45-4ead-ad37-23cbbe078cc1,E01003601,UN1,Urban: Nearer to a major town or city,Urban,3742.678535,353575.0436,3742.678535,85c91a1f-4a1f-4272-834e-c01d6b451c03,0.73,0,0,3438,Newham 028A,,541151,182162,51.5207,0.033097,65,95.29722624,0.13,0.87,32.935,47.1,37.2,0.727506427,0.2,2,10721,0.1,3,24.8,0.4,46.3,35.9,65
3439,E01003602,Newham 026C,,540730,182460,51.5235,0.027152,aedc0e5b-4db5-4133-a57d-34b3750ef751,E01003602,UN1,Urban: Nearer to a major town or city,Urban,1979.284501,119266.5585,1979.284501,af1f773f-2bc1-4777-8fa7-40be590fa89e,0.44,0,0,3439,Newham 026C,,540730,182460,51.5235,0.027152,92,103.1106057,0.14,0.86,46.43,51.4,26.1,0.442159383,0.1,4,8216,0.1,5,16.4,0.1,46.8,29.1,92
3443,E01003607,Newham 026D,,540705,182910,51.5276,0.026972,cd5f5415-ceda-4cee-ab47-94b088e8435e,E01003607,UN1,Urban: Nearer to a major town or city,Urban,1619.982393,125691.7658,1619.982393,e6f3ee4c-0e68-4e4e-8d67-142f17c06da9,0.56,0,0,3443,Newham 026D,,540705,182910,51.5276,0.026972,97,41.44954196,0.04,0.96,48.98,51.4,30.5,0.555269923,0.2,3,8078,0.1,4,13.3,0,50.2,31.7,97
32241,E01034202,Newham 022F,,540995,182984,51.5282,0.031179,1c961eb6-db17-4c90-9ca5-940c8945c45f,E01034202,UN1,Urban: Nearer to a major town or city,Urban,2079.107544,94315.5807,2079.107544,a59e23f3-59c1-41cf-9f31-98006488dbb6,,,,,,,,,,,,,,,,,,,,,,,,,,,,
3440,E01003603,Newham 028B,,541403,182628,51.5249,0.036914,56ec691e-929a-4df9-9a20-7eeef208ad89,E01003603,UN1,Urban: Nearer to a major town or city,Urban,2728.182523,202894.642,2728.182523,5d3ea28b-dde6-4793-a742-c4d88696f3c5,0.36,0,0,3440,Newham 028B,,541403,182628,51.5249,0.036914,77,161.7967738,0.24,0.76,38.88,47.1,22.8,0.357326478,0.1,4,9361,0.1,7,15.6,-0.3,45.9,34.8,77
3444,E01003608,Newham 028D,,541192,182719,51.5257,0.033911,73b94e2d-de17-4d7c-a172-a654b4b1c05f,E01003608,UN1,Urban: Nearer to a major town or city,Urban,1618.946165,93026.70307,1618.946165,bbed9d48-01a1-404b-b098-f8d3a024389a,0.39,0,0,3444,Newham 028D,,541192,182719,51.5257,0.033911,19,272.6786467,0.42,0.58,9.79,47.1,23.9,0.385604113,0.1,5,4050,0.1,8,11.2,-0.3,46.2,45.6,19
3450,E01003621,Newham 023C,,543045,183806,51.535,0.061044,ac6378cd-77ba-495f-b18c-9fd3562a7ba7,E01003621,UN1,Urban: Nearer to a major town or city,Urban,1224.947447,67052.44161,1224.947447,24c70cdc-79d0-4f22-a6cd-6507536eec1c,0.37,0,0,3450,Newham 023C,,543045,183806,51.535,0.061044,46,204.6305873,0.31,0.69,23.345,42.4,23.1,0.36503856,0.1,4,7763,0.1,7,22,-0.2,46.9,25.7,46
3451,E01003622,Newham 023D,,543459,183821,51.5351,0.067015,d9717c22-9f7a-45f9-b1e4-bb94a522c2c7,E01003622,UN1,Urban: Nearer to a major town or city,Urban,4186.930695,241545.4588,4186.930695,22e579aa-0b68-425d-8888-ad2b174361ba,0.64,0,0,3451,Newham 023D,,543459,183821,51.5351,0.067015,58,77.51475996,0.1,0.9,29.45,42.4,33.7,0.637532134,0.2,3,7028,0.1,4,23.3,0,50.6,32.4,58
3452,E01003623,Newham 023E,,543560,183425,51.5315,0.068309,959281a1-c991-41fe-b28c-e9586d192838,E01003623,UN1,Urban: Nearer to a major town or city,Urban,2604.827915,272154.254,2604.827915,262818db-065d-43d8-87dd-bf9fa59dd92f,0.58,0,0,3452,Newham 023E,,543560,183425,51.5315,0.068309,38,263.4450369,0.41,0.59,19.295,42.4,31.4,0.57840617,0.2,3,6605,0.1,4,25.3,0.1,48.6,26.3,38
3457,E01003628,Newham 015D,,543160,184049,51.5372,0.0628,6d8df474-b7cb-4f6c-8f4f-16436c241c89,E01003628,UN1,Urban: Nearer to a major town or city,Urban,2005.905125,92848.32485,2005.905125,b69c2d76-3c2f-4efb-a6c5-6ba0012c055d,0.32,1,0,3457,Newham 015D,,543160,184049,51.5372,0.0628,0,400.7627454,0.63,0.37,0.185,42.3,21.4,0.321336761,0.1,5,25166,0.1,7,11.4,-0.3,47.2,29.2,0
3458,E01003629,Newham 015E,,542671,184031,51.5372,0.055747,1aa512d5-8de2-4deb-beef-61f58660c302,E01003629,UN1,Urban: Nearer to a major town or city,Urban,1149.62164,65132.94456,1149.62164,32aa05a2-ec9f-497d-b638-bbecaaaa9f9f,0.47,0,0,3458,Newham 015E,,542671,184031,51.5372,0.055747,0,272.3840772,0.42,0.58,0.29,42.3,27,0.46529563,0.2,3,30743,0.1,6,17.2,-0.4,49.6,46.3,0
3462,E01003633,Newham 020C,,539394,183577,51.5339,0.008349,8aa267dc-39e9-4566-af1a-905a2ef0133b,E01003633,UN1,Urban: Nearer to a major town or city,Urban,1826.383975,96301.01116,1826.383975,1836bb9c-3db2-4410-b548-6a5c90b61df2,0.79,0,0,3462,Newham 020C,,539394,183577,51.5339,0.008349,89,20.80592461,0.01,0.99,44.995,53,39.5,0.786632391,0.2,2,4675,0.2,2,22.7,0.4,50.7,20.4,89
3463,E01003634,Newham 020D,,539072,183758,51.5356,0.003782,f0872b2e-ce5a-488e-a41f-9804497307b7,E01003634,UN1,Urban: Nearer to a major town or city,Urban,1745.833029,145213.7813,1745.833029,526c08c8-000f-4bdd-938f-f239cc5232c8,0.57,0,0,3463,Newham 020D,,539072,183758,51.5356,0.003782,27,211.3266674,0.32,0.68,13.84,53,31.1,0.570694087,0.2,3,10428,0.1,3,21.6,0.3,51.6,21,27
3449,E01003619,Newham 012D,,538893,184114,51.5388,0.001343,6c608c10-48ef-4cc7-9b8b-d278a1cb3e29,E01003619,UN1,Urban: Nearer to a major town or city,Urban,3298.231221,254101.4631,3298.231221,ae08f699-82cd-4ba2-bdc6-91218d3ec9c2,0.68,0,0,3449,Newham 012D,,538893,184114,51.5388,0.001343,54,228.2537514,0.35,0.65,27.325,67,35.3,0.678663239,0.2,3,12691,0.1,4,10.2,0.6,53,40.1,54
31674,E01033586,Newham 040D,,538630,183273,51.5313,-0.00278,ee768a2e-5d45-42a1-81fb-72c0b72372e0,E01033586,UN1,Urban: Nearer to a major town or city,Urban,4050.026863,751365.3644,4050.026863,ade625d1-eb3a-46a1-bbb1-844679c9cbe8,0.66,0,1,31674,Newham 040D,,538630,183273,51.5313,-0.00278,8.8,490.2765133,0.78,0.22,4.51,70.8,34.5,0.658097686,0.2,3,2412,0.1,4,11.6,0.1,57.3,54,8.8
32238,E01034199,Newham 012E,,538888,184896,51.5459,0.001579,6ca27274-1db1-4507-89d1-490b395a6cbf,E01034199,UN1,Urban: Nearer to a major town or city,Urban,2089.620825,105587.1947,2089.620825,d6eafbbd-e6ad-4357-a016-bdd81b0b1147,,,,,,,,,,,,,,,,,,,,,,,,,,,,
32239,E01034200,Newham 012F,,538881,184529,51.5426,0.001334,cb262565-ee95-45f7-b7be-cd16ea6d66a7,E01034200,UN1,Urban: Nearer to a major town or city,Urban,1708.859851,127111.9692,1708.859851,e727e65b-c067-40ad-b0a5-45912af2cc1e,,,,,,,,,,,,,,,,,,,,,,,,,,,,
32258,E01034219,Newham 039C,,538631,184823,51.5453,-0.00215,d1684455-26ce-46e0-875b-c69e4ab18848,E01034219,UN1,Urban: Nearer to a major town or city,Urban,2611.052915,161880.4944,2611.052915,098e5ecd-1b7e-4a48-94c9-709e3e476b42,,,,,,,,,,,,,,,,,,,,,,,,,,,,
32259,E01034220,Newham 039D,,538390,184501,51.5424,-0.00575,bb77ce84-dd81-4c71-b6c1-6d7627e56d9d,E01034220,UN1,Urban: Nearer to a major town or city,Urban,4251.109643,338280.6751,4251.109643,f26a1664-a7cb-479e-b99e-d6a1f5e812f8,,,,,,,,,,,,,,,,,,,,,,,,,,,,
32252,E01034213,Newham 038A,,537786,185247,51.5493,-0.01417,8de54aaf-961d-445f-a845-b9706caa0328,E01034213,UN1,Urban: Nearer to a major town or city,Urban,2959.76643,298984.2405,2959.76643,1ecca4f1-cc5d-4c1e-80e6-636532fa145e,,,,,,,,,,,,,,,,,,,,,,,,,,,,
32253,E01034214,Newham 038B,,538086,185070,51.5476,-0.00991,066c3bc3-594f-48e3-a2fd-73ba58c942db,E01034214,UN1,Urban: Nearer to a major town or city,Urban,1175.335566,35287.99641,1175.335566,fd0d8dc4-e952-4f2d-b784-9b85c4267f96,,,,,,,,,,,,,,,,,,,,,,,,,,,,
32254,E01034215,Newham 038C,,538244,185039,51.5473,-0.00765,5d65417e-b4a4-4ceb-820c-111d3d1acf3a,E01034215,UN1,Urban: Nearer to a major town or city,Urban,1197.600001,37393.20223,1197.600001,33bd35ef-8a91-4a42-b930-383e973bab37,,,,,,,,,,,,,,,,,,,,,,,,,,,,
32256,E01034217,Newham 038E,,537941,184700,51.5443,-0.01215,e2c152b7-7c20-4857-94e4-ec723993512c,E01034217,UN1,Urban: Nearer to a major town or city,Urban,3382.746586,289182.8606,3382.746586,139bb9b8-1a80-47e9-9bc1-dc895dd5f2f3,,,,,,,,,,,,,,,,,,,,,,,,,,,,
32257,E01034218,Newham 039B,,538294,185297,51.5496,-0.00682,ad9b6cd4-4326-4877-987c-a28b1d8711c2,E01034218,UN1,Urban: Nearer to a major town or city,Urban,4150.081312,206642.7347,4150.081312,22ef4396-dd3b-4a83-a909-09f28b0aa4df,,,,,,,,,,,,,,,,,,,,,,,,,,,,
32255,E01034216,Newham 038D,,538370,184909,51.5461,-0.00588,295e0c8a-b354-4474-bb2f-ba1345b763f8,E01034216,UN1,Urban: Nearer to a major town or city,Urban,1608.550013,63381.43131,1608.550013,076b7e4c-0569-43c6-b815-0db47ac3efe4,,,,,,,,,,,,,,,,,,,,,,,,,,,,
31669,E01033579,Newham 040C,,537880,183346,51.5322,-0.01355,87219046-438d-4e06-824e-c239bb645b9a,E01033579,UN1,Urban: Nearer to a major town or city,Urban,3995.373558,440232.4489,3995.373558,bd4b4934-620a-45a6-a00a-c169b6eb9a85,0.31,0,0,31669,Newham 040C,,537880,183346,51.5322,-0.01355,26,250.4748291,0.38,0.62,13.31,70.8,21.1,0.313624679,0.1,8,28743,0,10,7.2,-0.1,55.9,48.1,26
32260,E01034221,Newham 039E,,538379,184026,51.5382,-0.0061,e907d513-591a-4743-be41-975a19c7562c,E01034221,UN1,Urban: Nearer to a major town or city,Urban,2287.755158,146415.155,2287.755158,2fe2a622-4e56-41ad-86af-386552f4f345,,,,,,,,,,,,,,,,,,,,,,,,,,,,
32261,E01034222,Newham 040A,,537952,183980,51.5379,-0.01227,2dc21b9d-32a2-4287-a6a9-f9fc5e40c49c,E01034222,UN1,Urban: Nearer to a major town or city,Urban,3598.900084,507018.183,3598.900084,7bf80173-3f8d-4b2e-84d3-b4a24a8ee0e7,,,,,,,,,,,,,,,,,,,,,,,,,,,,
32262,E01034223,Newham 040B,,538393,183640,51.5347,-0.00605,8f8b4354-b23c-4596-b2ed-9a53bfaad4c5,E01034223,UN1,Urban: Nearer to a major town or city,Urban,1564.560629,60628.66019,1564.560629,8fcf2715-3380-4388-bac2-99438179f913,,,,,,,,,,,,,,,,,,,,,,,,,,,,
32263,E01034224,Newham 041D,,542100,180035,51.5014,0.045909,c4f194a6-07dd-4c9a-93aa-5fec5d54b9de,E01034224,UN1,Urban: Nearer to a major town or city,Urban,6188.586506,956212.0274,6188.586506,46972420-a49a-4c9c-8b39-25669835f977,,,,,,,,,,,,,,,,,,,,,,,,,,,,
32264,E01034225,Newham 042B,,541442,180222,51.5032,0.036511,fea816d5-53b8-484f-9aeb-0fb6410998e2,E01034225,UN1,Urban: Nearer to a major town or city,Urban,4324.928562,439124.5717,4324.928562,27804519-dbe7-4827-9171-58530759ab61,,,,,,,,,,,,,,,,,,,,,,,,,,,,
32265,E01034226,Newham 042C,,541453,180028,51.5015,0.036591,308d4f88-1ecc-4368-be14-40c73b6a370b,E01034226,UN1,Urban: Nearer to a major town or city,Urban,1112.782089,38785.22987,1112.782089,40edd540-a303-4bbf-9a58-7e63c8623c84,,,,,,,,,,,,,,,,,,,,,,,,,,,,
32267,E01034228,Newham 042E,,541142,179944,51.5008,0.03208,7e4dc8e0-7d4d-4906-8653-7cdc25df52e1,E01034228,UN1,Urban: Nearer to a major town or city,Urban,1366.897241,64095.44552,1366.897241,8777d427-2d98-4630-a576-f7a83b5982e7,,,,,,,,,,,,,,,,,,,,,,,,,,,,
32270,E01034231,Newham 042H,,541278,179820,51.4997,0.033988,bb250f94-974c-40e5-933a-399d7f9936e4,E01034231,UN1,Urban: Nearer to a major town or city,Urban,2667.099311,317128.0361,2667.099311,883beb0c-8ff2-449d-a271-ed2252ecd781,,,,,,,,,,,,,,,,,,,,,,,,,,,,
31670,E01033580,Newham 042A,,540729,180295,51.5041,0.026274,839b3938-f45e-4344-a36c-eece25f5db95,E01033580,UN1,Urban: Nearer to a major town or city,Urban,2868.930709,84007.97854,2868.930709,4662856b-c0c5-4cca-accd-3dbf77a00e4d,0,0,0,31670,Newham 042A,,540729,180295,51.5041,0.026274,17,186.2453772,0.28,0.72,8.86,60.1,8.9,0,0,10,10612,0,10,5,-0.4,37,14.8,17
32266,E01034227,Newham 042D,,540832,180017,51.5015,0.027646,5063ad7e-90b4-4d4a-98e1-a916758f3f2d,E01034227,UN1,Urban: Nearer to a major town or city,Urban,1090.987101,45771.19984,1090.987101,1cc4de06-31ff-4baf-ae25-1a8fc7f5ce3b,,,,,,,,,,,,,,,,,,,,,,,,,,,,
32268,E01034229,Newham 042F,,540348,180091,51.5023,0.020707,7213b852-7ae5-4095-b697-902ba47401ac,E01034229,UN1,Urban: Nearer to a major town or city,Urban,4557.658246,773634.6402,4557.658246,0061bf89-feba-4bc4-af6c-84e911cc23c5,,,,,,,,,,,,,,,,,,,,,,,,,,,,
32269,E01034230,Newham 042G,,540782,179864,51.5002,0.026865,13d4c8c9-46de-4859-8105-7478feabdad0,E01034230,UN1,Urban: Nearer to a major town or city,Urban,1077.906144,42165.54365,1077.906144,390eddbd-d939-4873-8608-3d4fe467f43f,,,,,,,,,,,,,,,,,,,,,,,,,,,,
3324,E01003483,Newham 032A,,542083,181918,51.5183,0.046423,8e9e8fb2-9d54-482f-b9a2-02b50cd1ebb8,E01003483,UN1,Urban: Nearer to a major town or city,Urban,3401.529242,245330.0122,3401.529242,57742a20-2c30-4222-a849-57da76bc7d9f,0.73,0,0,3324,Newham 032A,,542083,181918,51.5183,0.046423,19,240.0962393,0.37,0.63,9.815,39.6,37.2,0.727506427,0.2,2,5213,0.1,3,24.6,0.2,57.8,16.3,19
3325,E01003484,Newham 032B,,542576,181891,51.5179,0.053513,d32b6405-d641-4a7a-a058-64efd104a5e1,E01003484,UN1,Urban: Nearer to a major town or city,Urban,2122.883592,101182.2442,2122.883592,48619cea-c76b-4227-947d-769ef080f519,0.35,0,0,3325,Newham 032B,,542576,181891,51.5179,0.053513,36,171.4789152,0.25,0.75,18.375,39.6,22.7,0.354755784,0.2,4,8193,0.1,6,12.5,-0.2,48.7,20.4,36
3326,E01003485,Newham 035C,,542352,181536,51.5148,0.050143,901cbe14-1b4a-4250-bb91-8f034c96b6a3,E01003485,UN1,Urban: Nearer to a major town or city,Urban,3145.559565,151102.5005,3145.559565,3aad4586-d326-41f5-adb2-096102e31068,0.39,0,0,3326,Newham 035C,,542352,181536,51.5148,0.050143,43,203.8573455,0.31,0.69,21.845,39.9,24.1,0.390745501,0.1,4,7385,0.1,6,14.8,-0.1,49.3,19,43
3327,E01003486,Newham 033C,,543008,181564,51.5149,0.059602,ded6307f-36dd-4ded-b75e-87b8da5a879a,E01003486,UN1,Urban: Nearer to a major town or city,Urban,3672.879275,218542.8681,3672.879275,5be34ca7-6815-451c-80c6-a668f946bda4,1,0,0,3327,Newham 033C,,543008,181564,51.5149,0.059602,83,65.74022452,0.08,0.92,41.96,45.9,47.8,1,0.3,1,14743,0.2,1,27.8,0.6,48.6,21.5,83
3377,E01003540,Newham 029C,,542904,182348,51.522,0.058422,0ae41806-4344-452d-b49d-acc664816c14,E01003540,UN1,Urban: Nearer to a major town or city,Urban,2822.274211,207694.9699,2822.274211,dfd6444c-6542-4a01-adc0-50fa75a0fb27,0.77,0,0,3377,Newham 029C,,542904,182348,51.522,0.058422,68,66.60131823,0.08,0.92,34.46,40.6,38.7,0.766066838,0.2,2,5199,0.1,3,25.1,0.4,54.1,41.8,68
3378,E01003541,Newham 029D,,542406,182246,51.5212,0.051207,27e8c18e-d3fe-436c-b781-1f2c2c6fd655,E01003541,UN1,Urban: Nearer to a major town or city,Urban,2662.670508,160885.4195,2662.670508,b74f2f4c-0009-41cd-b3a4-ea8378a86be1,0.47,0,0,3378,Newham 029D,,542406,182246,51.5212,0.051207,57,171.0251646,0.25,0.75,28.875,40.6,27.2,0.470437018,0.2,4,9917,0.1,6,18.8,-0.4,54.7,29.1,57
32244,E01034205,Newham 033E,,544253,182297,51.5212,0.077831,57b3cf44-a162-45a7-8d86-0f740be5f639,E01034205,UN1,Urban: Nearer to a major town or city,Urban,8329.888437,2459509.545,8329.888437,537eab77-8d24-45c4-a801-58ad7c1c1cc1,,,,,,,,,,,,,,,,,,,,,,,,,,,,
3380,E01003543,Newham 001A,,540727,185689,51.5526,0.028398,3c4015e5-b53b-468b-8e5e-7a0f7e47c00b,E01003543,UN1,Urban: Nearer to a major town or city,Urban,2423.886218,165618.6814,2423.886218,fe40e4a7-3b44-404e-8bc5-6e910873706d,0.37,0,0,3380,Newham 001A,,540727,185689,51.5526,0.028398,38,218.400132,0.33,0.67,19.335,47.7,23.2,0.367609254,0.1,4,,0.1,5,9.8,-0.1,47.1,26.8,38
3384,E01003547,Newham 007A,,541032,185709,51.5527,0.032803,7d61b1df-caf4-4eb8-ae02-979f62b21b5e,E01003547,UN1,Urban: Nearer to a major town or city,Urban,2328.653402,178213.3824,2328.653402,9fccdb35-4aed-4835-bb3c-93dbc6fbb13e,0.26,1,0,3384,Newham 007A,,541032,185709,51.5527,0.032803,0,536.8490252,0.85,0.15,0.075,41.1,18.9,0.257069409,0.1,5,,0.1,5,9.2,-0.5,41.2,27.1,0
3421,E01003584,Newham 003B,,541552,185627,51.5518,0.040265,b0289333-7115-4ebb-89a8-883d8f7b2cb5,E01003584,UN1,Urban: Nearer to a major town or city,Urban,3793.350765,332006.1664,3793.350765,0cfab167-ee2b-4636-8b8b-07d484a788ae,0.53,0,1,3421,Newham 003B,,541552,185627,51.5518,0.040265,12,398.1474231,0.63,0.37,6.185,45.7,29.5,0.529562982,0.2,3,,0.1,4,12.5,-0.1,46,29.2,12
3381,E01003544,Newham 001B,,539998,185584,51.5518,0.017849,0f544968-717a-481e-aeab-101fd55d6eec,E01003544,UN1,Urban: Nearer to a major town or city,Urban,3592.260772,151732.9786,3592.260772,68b862cc-060f-4ef8-83a7-a313e7f9afc1,0.51,0,0,3381,Newham 001B,,539998,185584,51.5518,0.017849,22,291.3132106,0.45,0.55,11.275,47.7,28.7,0.508997429,0.1,4,,0.1,6,21,0.1,47.8,39.7,22
3383,E01003546,Newham 001C,,540377,185589,51.5517,0.023314,350a7a12-bc03-4ff4-8b7f-17637da4fc23,E01003546,UN1,Urban: Nearer to a major town or city,Urban,2618.680494,116185.7708,2618.680494,9d34247e-572d-4f1e-abea-751b9cc2c96a,0.63,0,0,3383,Newham 001C,,540377,185589,51.5517,0.023314,58,184.2609765,0.28,0.72,29.36,47.7,33.5,0.632390746,0.2,2,,0.1,4,17.7,0.3,49.8,25.2,58
3339,E01003499,Newham 030A,,540410,182453,51.5235,0.02254,23ee49c8-a698-4c59-9dcb-72351b346ee2,E01003499,UN1,Urban: Nearer to a major town or city,Urban,2501.009243,170409.2643,2501.009243,6ad1a262-f61b-4283-89af-d6a7d62215e8,0.81,0,0,3339,Newham 030A,,540410,182453,51.5235,0.02254,75,102.1969448,0.14,0.86,37.93,58.7,40.6,0.814910026,0.2,2,,0.1,3,22.4,0.5,50.2,34.7,75
3445,E01003611,Newham 041C,,543253,179952,51.5004,0.062476,26acc73e-f492-4b32-9dfe-51bc60a0f330,E01003611,UN1,Urban: Nearer to a major town or city,Urban,2146.532846,149940.536,2146.532846,e832383c-6986-48ae-b187-1798a892e831,0.58,0,0,3445,Newham 041C,,543253,179952,51.5004,0.062476,96,36.70159397,0.03,0.97,48.485,48.8,31.4,0.57840617,0.2,2,,0.1,3,18.5,0.2,45.5,15.6,96
31671,E01033581,Newham 041A,,543164,180295,51.5035,0.061334,cc63c4e7-42f1-47d8-854a-0282bcaf2e21,E01033581,UN1,Urban: Nearer to a major town or city,Urban,8170.43554,1313018.582,8170.43554,1a1a67d8-50d0-4413-8af4-6c81b5c472be,0.67,0,0,31671,Newham 041A,,543164,180295,51.5035,0.061334,32,259.9179849,0.4,0.6,16.3,48.8,34.9,0.668380463,0.2,3,,0.1,4,14.2,0.5,56.1,22.4,32
31672,E01033582,Newham 041B,,543829,179993,51.5006,0.070785,a8b36e3c-9254-4d4b-a0fc-378fdb432db4,E01033582,UN1,Urban: Nearer to a major town or city,Urban,4217.685611,569190.7431,4217.685611,e4691f8c-5256-4bc9-a8e3-2e2a514717c1,0.15,0,0,31672,Newham 041B,,543829,179993,51.5006,0.070785,16,201.9759416,0.3,0.7,8.35,48.8,14.6,0.146529563,0,9,,0,10,6.8,-0.6,51.8,23.9,16
3385,E01003548,Newham 006B,,539429,185445,51.5507,0.009593,28ed12b1-fde2-42c1-9a77-577936c3a7c8,E01003548,UN1,Urban: Nearer to a major town or city,Urban,3152.822924,230068.4264,3152.822924,35f18d58-072d-488f-b011-1bfc9cc17413,0.34,1,0,3385,Newham 006B,,539429,185445,51.5507,0.009593,26,344.7586879,0.54,0.46,13.23,53.7,22.3,0.344473008,0.1,5,,0.1,7,15.9,-0.5,48.4,29.2,26
3446,E01003615,Newham 039A,,538925,185401,51.5504,0.002312,51dbd3bc-8d36-43bc-9759-4784273612bc,E01003615,UN1,Urban: Nearer to a major town or city,Urban,2064.56955,107997.1016,2064.56955,7394c841-b552-47a8-879c-6b18280fcf4c,0.47,0,0,3446,Newham 039A,,538925,185401,51.5504,0.002312,40,151.8443737,0.22,0.78,20.39,66.2,27.3,0.473007712,0.2,3,,0.1,5,12.3,0.2,47.2,33.4,40
3447,E01003616,Newham 012A,,539048,185067,51.5474,0.003952,fe57992a-27f5-4e65-8dbf-2a9f28581f3e,E01003616,UN1,Urban: Nearer to a major town or city,Urban,2704.518572,145546.4306,2704.518572,26c34211-10eb-420f-b74d-0f94a038bf62,0.53,0,0,3447,Newham 012A,,539048,185067,51.5474,0.003952,54,235.4274628,0.36,0.64,27.32,67,29.4,0.526992288,0.2,3,,0.1,5,16.7,0.2,45.3,29.9,54
32250,E01034211,Newham 034M,,539675,180778,51.5087,0.011289,cf821cc2-bfcb-44ab-ac89-74b4ffebd5b0,E01034211,UN1,Urban: Nearer to a major town or city,Urban,3939.382976,378621.6919,3939.382976,2c1dcb9b-dbc1-40d0-8eff-4c7639325ffb,,,,,,,,,,,,,,,,,,,,,,,,,,,,
3322,E01003480,Newham 033A,,543539,180983,51.5095,0.067013,671516ba-9bd1-4af4-8c20-3dcb16d41e0b,E01003480,UN1,Urban: Nearer to a major town or city,Urban,3017.413843,285641.8728,3017.413843,01d0ce96-b03c-40cd-879b-788642f47229,0.39,0,0,3322,Newham 033A,,543539,180983,51.5095,0.067013,93,121.3285797,0.17,0.83,46.915,39.9,24,0.388174807,0.1,4,,0.1,6,22.1,-0.3,53,19.1,93
3323,E01003481,Newham 035B,,542903,181059,51.5104,0.057885,01e307a9-a97c-44cf-9c1d-7fee0fb4a2c7,E01003481,UN1,Urban: Nearer to a major town or city,Urban,5126.449472,520039.3881,5126.449472,3f6df42a-ffa6-428c-abb7-dcfcad2e553d,0.51,0,0,3323,Newham 035B,,542903,181059,51.5104,0.057885,65,33.43052117,0.03,0.97,32.985,39.9,28.6,0.506426735,0.2,4,,0.1,4,19.4,0.3,64.2,15.5,65
3328,E01003487,Newham 033D,,543528,181458,51.5138,0.067048,766e9b7b-a983-4098-880e-1cb9d5acdafc,E01003487,UN1,Urban: Nearer to a major town or city,Urban,2303.855556,124396.9524,2303.855556,4b0f203c-7f01-4864-9b1a-4d58ff95101a,0.89,0,0,3328,Newham 033D,,543528,181458,51.5138,0.067048,64,131.9126119,0.19,0.81,32.405,45.9,43.6,0.892030848,0.3,1,,0.2,1,29,0.7,48.2,17,64
32245,E01034206,Newham 033F,,544481,181408,51.5131,0.080751,4e26f9f9-646d-453f-8b7f-fe46f4abd341,E01034206,UN1,Urban: Nearer to a major town or city,Urban,6890.009894,1709632.01,6890.009894,2679b20c-63a3-44bb-8bff-3ed3f073cd64,,,,,,,,,,,,,,,,,,,,,,,,,,,,
3441,E01003604,Newham 031D,,540918,181954,51.5189,0.029658,c504b9a9-579c-48a9-bd05-b4290ca0383d,E01003604,UN1,Urban: Nearer to a major town or city,Urban,3112.329341,221401.6617,3112.329341,7509ddd1-7dc6-4014-a7b8-3907c308974d,0.69,0,0,3441,Newham 031D,,540918,181954,51.5189,0.029658,55,25.46000833,0.02,0.98,27.99,53.3,35.7,0.688946015,0.2,3,,0.1,4,21.2,0.3,49.7,41.5,55
3387,E01003550,Newham 001D,,540300,185913,51.5547,0.022333,1c4199a5-8324-4e58-808c-813053ecf209,E01003550,UN1,Urban: Nearer to a major town or city,Urban,2455.695286,115734.5419,2455.695286,77cdebbb-56ff-4031-80d6-55ff8f7641cd,0.47,0,0,3387,Newham 001D,,540300,185913,51.5547,0.022333,82,80.83607988,0.11,0.89,41.445,47.7,27,0.46529563,0.2,3,,0.1,5,15.4,-0.3,50.8,35,82
3382,E01003545,Newham 006A,,539867,185291,51.5492,0.015845,c73a971e-4e67-4a5b-9251-c04c9f143e42,E01003545,UN1,Urban: Nearer to a major town or city,Urban,2766.380855,169655.9249,2766.380855,60aec523-5489-4a99-b539-1b1b91e5970c,0.47,0,0,3382,Newham 006A,,539867,185291,51.5492,0.015845,42,202.4027907,0.31,0.69,21.345,53.7,27.2,0.470437018,0.1,4,,0.1,5,14.4,0.1,49.3,24,42
3372,E01003535,Newham 023A,,543827,182989,51.5275,0.071978,4cb8d7e0-44eb-4724-9615-44170972adc0,E01003535,UN1,Urban: Nearer to a major town or city,Urban,4155.89502,517094.9905,4155.89502,6b73fa7a-4341-4ad3-bf3c-82be1f0409a2,0.87,0,0,3372,Newham 023A,,543827,182989,51.5275,0.071978,42,298.2995496,0.46,0.54,21.27,42.4,42.6,0.866323907,0.3,2,,0.2,2,32.2,0.5,53.1,30,42
3453,E01003624,Newham 024E,,543079,183374,51.5312,0.061359,4bf9b1e8-a4e9-42eb-8f89-b8acbe5632c7,E01003624,UN1,Urban: Nearer to a major town or city,Urban,2388.956156,142823.1819,2388.956156,53a6ec4f-59e2-4592-83ac-da2a3d5427ba,0.58,0,0,3453,Newham 024E,,543079,183374,51.5312,0.061359,50,166.754754,0.25,0.75,25.375,41.9,31.6,0.583547558,0.2,3,,0.1,3,23.4,0.1,47.3,26.6,50
32246,E01034207,Newham 033G,,544028,180743,51.5073,0.073956,1581dad5-5677-4ee6-9d89-4c0f9143029d,E01034207,UN1,Urban: Nearer to a major town or city,Urban,2345.591486,138309.225,2345.591486,b176f6a2-c2d8-428c-abd5-9707ed8f93f2,,,,,,,,,,,,,,,,,,,,,,,,,,,,
3342,E01003502,Newham 030C,,539982,181959,51.5192,0.016179,3bfd9f15-04f5-44c0-9014-547b105b5f37,E01003502,UN1,Urban: Nearer to a major town or city,Urban,3542.571067,150662.8052,3542.571067,5eb08e36-2009-43d9-8aa3-2328e1a4306d,0.71,0,0,3342,Newham 030C,,539982,181959,51.5192,0.016179,91,72.09229784,0.09,0.91,45.955,58.7,36.5,0.709511568,0.2,2,,0.1,4,21.3,0,49.5,36.8,91
3343,E01003503,Newham 030D,,539512,181779,51.5177,0.009338,0bbec239-b7ed-4e27-89b9-ea88df5c1376,E01003503,UN1,Urban: Nearer to a major town or city,Urban,3559.712898,147180.4195,3559.712898,708f1f0f-5181-47ee-9e30-2b8ae9ba17b4,0.78,0,0,3343,Newham 030D,,539512,181779,51.5177,0.009338,96,37.34233557,0.03,0.97,48.485,58.7,39.4,0.784061697,0.2,2,,0.2,2,20.6,0.4,43.2,32.9,96
32248,E01034209,Newham 034K,,539606,181321,51.5136,0.010511,e42d782e-3870-44d3-8069-8e6d19f2658f,E01034209,UN1,Urban: Nearer to a major town or city,Urban,3251.232265,177666.4473,3251.232265,a9ee2f29-74d3-4ccc-8dac-751c8cd8b36e,,,,,,,,,,,,,,,,,,,,,,,,,,,,
3373,E01003536,Newham 023B,,543342,182687,51.5249,0.064868,2a65a0ad-78d4-489e-b80b-f0b3d265f164,E01003536,UN1,Urban: Nearer to a major town or city,Urban,2547.3534,174708.6465,2547.3534,1809db8f-2cb2-40ca-9441-b3355278e958,0.53,0,0,3373,Newham 023B,,543342,182687,51.5249,0.064868,68,127.8575025,0.18,0.82,34.41,42.4,29.5,0.529562982,0.2,3,,0.1,4,21.7,-0.2,46.5,33.8,68
3375,E01003538,Newham 029A,,542715,182564,51.524,0.055787,7a4530d3-077f-4d8c-98b9-1d6ab5a264b5,E01003538,UN1,Urban: Nearer to a major town or city,Urban,2612.714837,173841.9746,2612.714837,bed07993-ac79-4a9e-b7d8-42a8f94a66ce,0.59,0,0,3375,Newham 029A,,542715,182564,51.524,0.055787,70,181.4795198,0.27,0.73,35.365,40.6,32,0.593830334,0.2,3,,0.1,4,23.1,0.1,49.6,33.6,70
3350,E01003513,Newham 035D,,541939,181383,51.5135,0.044134,618e6517-702b-4860-a1df-d05d06079504,E01003513,UN1,Urban: Nearer to a major town or city,Urban,3846.290584,357718.1535,3846.290584,6f452cff-8a04-46b2-9eef-85621e86f45f,0.34,0,0,3350,Newham 035D,,541939,181383,51.5135,0.044134,56,26.76000647,0.02,0.98,28.49,39.9,22.2,0.341902314,0.1,5,,0.1,7,11.7,-0.4,56.4,20.4,56
3427,E01003590,Newham 003D,,541939,185859,51.5538,0.045936,e4530e34-1b81-4508-a862-b1c49991c196,E01003590,UN1,Urban: Nearer to a major town or city,Urban,3944.953298,257712.0758,3944.953298,31b325d4-dccc-4b5d-9e30-550572128d03,0.76,0,0,3427,Newham 003D,,541939,185859,51.5538,0.045936,67,65.30721321,0.08,0.92,33.96,45.7,38.3,0.755784062,0.2,2,,0.1,3,17.8,0.6,52.1,26.3,67
3321,E01003479,Newham 035A,,542478,181238,51.5121,0.051837,4c411bbe-9482-4c95-9442-b41fdc274cf1,E01003479,UN1,Urban: Nearer to a major town or city,Urban,3207.534659,302470.9692,3207.534659,0d72a6ad-d664-43c8-b0fa-f9dab0a534e7,0.54,0,1,3321,Newham 035A,,542478,181238,51.5121,0.051837,30,321.5510803,0.5,0.5,15.25,39.9,30.1,0.544987147,0.2,4,,0.1,4,14.2,-0.5,63.9,23.1,30
3337,E01003497,Newham 034A,,538951,181936,51.5193,0.00132,23d6fd9d-6f3a-481a-89e9-6169333b1d98,E01003497,UN1,Urban: Nearer to a major town or city,Urban,5489.054054,732208.8611,5489.054054,0dcba82f-73b0-4f7c-b5f6-897be46a9f56,0.63,0,0,3337,Newham 034A,,538951,181936,51.5193,0.00132,50,187.7332374,0.28,0.72,25.36,63.1,33.3,0.627249357,0.2,3,,0.1,4,26.4,0.3,47.4,27.9,50
