FID,LSOA21CD,LSOA21NM,LSOA21NMW,BNG_E,BNG_N,LAT,LONG,GlobalID,Shape_Leng,Shape__Are,Shape__Len,5min Bus Accessibility_LONG,Coverage_p,HubDist,Distance,NormDist,Accessibility Index,No Car or vans in household(%),IMD_Rank,IMD_Decile,IMDScore,IMDRank0,IMDDec0,IncScore,IncRank,IncDec,EmpScore,EmpRank,EmpDec,EduScore,EduRank,EduDec,HDDScore,HDDRank,HDDDec,CriScore,CriRank,CriDec,IMD_Shape__Area,IMD_Shape__Length
3380,E01003543,Newham 001A,,540727,185689,51.5526,0.028398,3c4015e5-b53b-468b-8e5e-7a0f7e47c00b,2423.886218,165618.6814,2423.886218,0.028398,38,218.400132,0.33,0.67,19.335,47.7,11912,4,23.221,11912,4,0.142,11312,4,0.08,16403,5,9.818,22024,7,-0.118,17857,6,0.1,15129,5,431529.3361,3679.004791
3381,E01003544,Newham 001B,,539998,185584,51.5518,0.017849,0f544968-717a-481e-aeab-101fd55d6eec,3592.260772,151732.9786,3592.260772,0.017849,22,291.3132106,0.45,0.55,11.275,47.7,8651,3,28.703,8651,3,0.134,12097,4,0.077,16912,6,20.971,13155,5,0.07,14947,5,0.744,6011,2,391738.2617,5394.145363
3383,E01003546,Newham 001C,,540377,185589,51.5517,0.023314,350a7a12-bc03-4ff4-8b7f-17637da4fc23,2618.680494,116185.7708,2618.680494,0.023314,58,184.2609765,0.28,0.72,29.36,47.7,6455,2,33.531,6455,2,0.202,6527,2,0.113,10574,4,17.723,15321,5,0.306,11543,4,0.875,4637,2,292469.6541,3813.717812
3387,E01003550,Newham 001D,,540300,185913,51.5547,0.022333,1c4199a5-8324-4e58-808c-813053ecf209,2455.695286,115734.5419,2455.695286,0.022333,82,80.83607988,0.11,0.89,41.445,47.7,9615,3,26.959,9615,3,0.169,8876,3,0.084,15415,5,15.365,17071,6,-0.292,20532,7,-0.094,18054,6,295425.661,3557.749606
3413,E01003576,Newham 002A,,542934,185981,51.5546,0.060327,197dd817-dba0-4955-a9c0-080f12cb4f6a,3099.615087,149613.3477,3099.615087,0.060327,94,39.76040686,0.04,0.96,47.48,47.3,4849,2,38.074,4849,2,0.228,5062,2,0.14,7501,3,25.343,10648,4,0.303,11586,4,0.882,4561,2,373376.2752,4592.34217
3418,E01003581,Newham 002B,,542735,185695,51.5521,0.057343,0677f5c4-f130-4776-9275-294f96156959,1639.118912,101581.8062,1639.118912,0.057343,75,78.47842547,0.1,0.9,37.95,47.3,9714,3,26.783,9714,3,0.147,10807,4,0.08,16445,6,24.742,10972,4,-0.445,22713,7,0.222,13158,5,265615.7309,2418.077594
3419,E01003582,Newham 002C,,543098,185587,51.551,0.062531,473d31f6-c96b-4963-a02b-d26d99771e85,1567.680582,85713.98265,1567.680582,0.062531,50,175.546708,0.26,0.74,25.37,47.3,7600,3,30.905,7600,3,0.197,6823,3,0.112,10721,4,26.742,9944,4,-0.198,19104,6,0.198,13537,5,217918.1052,2407.375532
3420,E01003583,Newham 002D,,542961,185391,51.5493,0.060477,2ecc98b5-8a69-4828-b7e9-5cac3965001b,1830.764946,98123.37259,1830.764946,0.060477,79,69.5323709,0.09,0.91,39.955,47.3,8779,3,28.482,8779,3,0.171,8742,3,0.089,14513,5,21.118,13067,4,0.023,15653,5,-0.003,16721,6,255807.9714,2803.085089
3415,E01003578,Newham 003A,,542324,186274,51.5574,0.051653,261f8f22-4ea4-4e9d-a72d-90f8850c02ac,4989.852426,828028.2005,4989.852426,0.051653,14,444.4110695,0.7,0.3,7.15,45.7,10059,4,26.188,10059,4,0.13,12550,4,0.057,22295,7,24.142,11271,4,-0.228,19540,6,0.497,9118,3,2137504.887,7596.211211
3421,E01003584,Newham 003B,,541552,185627,51.5518,0.040265,b0289333-7115-4ebb-89a8-883d8f7b2cb5,3793.350765,332006.1664,3793.350765,0.040265,12,398.1474231,0.63,0.37,6.185,45.7,8266,3,29.49,8266,3,0.181,7984,3,0.115,10339,4,12.468,19525,6,-0.05,16778,6,0.701,6502,2,844311.0948,6078.096
3423,E01003586,Newham 003C,,541649,185146,51.5474,0.041469,8708ad30-d2c3-4dc7-807e-d71944fdce63,2054.965174,149160.4492,2054.965174,0.041469,62,106.6171434,0.15,0.85,31.425,45.7,8043,3,29.95,8043,3,0.173,8542,3,0.092,13997,5,20.026,13749,5,0.093,14619,5,0.441,9903,4,389963.8334,3233.446627
3427,E01003590,Newham 003D,,541939,185859,51.5538,0.045936,e4530e34-1b81-4508-a862-b1c49991c196,3944.953298,257712.0758,3944.953298,0.045936,67,65.30721321,0.08,0.92,33.96,45.7,4780,2,38.34,4780,2,0.226,5199,2,0.141,7367,3,17.846,15242,5,0.569,8297,3,0.907,4329,2,669095.4515,6125.286221
3416,E01003579,Newham 004A,,542654,185397,51.5494,0.056055,16f830a0-1187-4975-bac4-911c3a816dac,1968.638221,98302.28942,1968.638221,0.056055,47,205.2240013,0.31,0.69,23.845,49.5,8778,3,28.483,8778,3,0.15,10513,4,0.092,13998,5,29.379,8833,3,-0.106,17660,6,0.073,15529,5,251578.5624,3005.975442
3422,E01003585,Newham 004B,,542396,185452,51.55,0.052359,fcdada16-a317-4b27-9405-b9de987cc641,1580.553693,72930.12492,1580.553693,0.052359,18,277.8548572,0.43,0.57,9.285,49.5,9049,3,27.968,9049,3,0.156,9991,4,0.078,16672,6,25.001,10826,4,-0.047,16734,6,0.236,12929,4,189597.4512,2430.181967
3424,E01003587,Newham 004C,,542073,185263,51.5484,0.047627,a2c52491-da2c-4ec2-910d-c41fc727dac4,3325.452334,161177.65,3325.452334,0.047627,64,171.0548803,0.25,0.75,32.375,49.5,9006,3,28.048,9006,3,0.192,7185,3,0.095,13459,5,15.868,16689,6,-0.308,20770,7,0.383,10694,4,416931.56,5171.440094
3428,E01003591,Newham 004D,,542150,185588,51.5513,0.048868,3f60323c-3e87-4e67-b096-e4c7cbc9333e,2697.650088,164584.2449,2697.650088,0.048868,87,16.28833639,0,1,44,49.5,6209,2,34.139,6209,2,0.21,6082,2,0.118,9930,4,23.442,11647,4,-0.066,17017,6,0.256,12623,4,434557.8087,3989.566819
3365,E01003528,Newham 005A,,542962,184844,51.5444,0.060269,4e5cd327-9295-4026-84c7-1aeeaf70aecf,1965.712803,79663.2829,1965.712803,0.060269,31,232.7511477,0.36,0.64,15.82,44.9,7853,3,30.372,7853,3,0.212,5983,2,0.115,10283,4,19.974,13776,5,-0.293,20546,7,-0.142,18759,6,220432.8683,3060.3654
3412,E01003575,Newham 005B,,542792,185153,51.5472,0.057945,83ee8c77-d264-4ac1-83f3-741e57201a3a,2284.17757,147304.52,2284.17757,0.057945,41,145.7952017,0.21,0.79,20.895,44.9,8100,3,29.833,8100,3,0.195,6952,3,0.113,10617,4,26.712,9966,4,-0.43,22512,7,0.299,11936,4,378482.9271,3598.436041
3414,E01003577,Newham 005C,,543272,185919,51.554,0.065174,8d5577c8-b6b1-4c45-820e-d09f6f3f94c6,2459.354643,174715.6889,2459.354643,0.065174,22,277.7038104,0.43,0.57,11.285,44.9,4012,2,40.868,4012,2,0.251,3961,2,0.156,6025,2,23.405,11669,4,0.604,7878,3,0.585,7927,3,451043.8113,3769.922928
3417,E01003580,Newham 005D,,543316,185201,51.5475,0.065516,85beb7ee-a8a2-47a4-8ad0-ba95f89c6e02,2025.223577,223495.0629,2025.223577,0.065516,3.1,388.4818071,0.61,0.39,1.745,44.9,6741,3,32.832,6741,3,0.196,6907,3,0.115,10353,4,25.658,10484,4,-0.191,19010,6,0.288,12131,4,582366.6647,3187.054882
3382,E01003545,Newham 006A,,539867,185291,51.5492,0.015845,c73a971e-4e67-4a5b-9251-c04c9f143e42,2766.380855,169655.9249,2766.380855,0.015845,42,202.4027907,0.31,0.69,21.345,53.7,9504,3,27.152,9504,3,0.149,10612,4,0.094,13575,5,14.361,17860,6,0.127,14085,5,0.483,9300,3,441384.7891,4132.643233
3385,E01003548,Newham 006B,,539429,185445,51.5507,0.009593,28ed12b1-fde2-42c1-9a77-577936c3a7c8,3152.822924,230068.4264,3152.822924,0.009593,26,344.7586879,0.54,0.46,13.23,53.7,12546,4,22.286,12546,4,0.12,13715,5,0.062,20978,7,15.852,16701,6,-0.498,23400,8,0.346,11219,4,591074.0887,4881.646989
3386,E01003549,Newham 006C,,539569,185177,51.5482,0.011505,d1277b13-1267-4254-bac2-c420547ca945,2267.846897,118320.659,2267.846897,0.011505,66,138.0624538,0.2,0.8,33.4,53.7,10418,4,25.608,10418,4,0.145,10923,4,0.091,14114,5,14.224,17965,6,-0.078,17224,6,0.311,11768,4,308184.1995,3428.373728
3394,E01003557,Newham 006D,,539956,185060,51.5471,0.017036,a945d5c2-149f-4a46-b97b-ef2c55a73a88,2852.2375,176312.037,2852.2375,0.017036,75,160.2374688,0.24,0.76,37.88,53.7,5271,2,36.797,5271,2,0.203,6454,2,0.124,9217,3,11.364,20550,7,0.313,11448,4,1.101,2792,1,457165.2932,4401.310907
3384,E01003547,Newham 007A,,541032,185709,51.5527,0.032803,7d61b1df-caf4-4eb8-ae02-979f62b21b5e,2328.653402,178213.3824,2328.653402,0.032803,0,536.8490252,0.85,0.15,0.075,41.1,15291,5,18.936,15291,5,0.102,16025,5,0.082,15819,5,9.249,22624,7,-0.528,23776,8,-0.033,17192,6,458971.8019,3643.725641
3392,E01003555,Newham 007B,,541054,185293,51.5489,0.032953,298c6b23-31f3-42d0-abcb-e29b4d033fbc,2161.662427,168528.2625,2161.662427,0.032953,36,220.0459666,0.33,0.67,18.335,41.1,10282,4,25.848,10282,4,0.13,12531,4,0.076,17180,6,12.063,19884,7,-0.111,17756,6,0.87,4682,2,431879.1964,3414.415868
3398,E01003561,Newham 007C,,541314,184910,51.5454,0.036547,83086a89-0b0e-460d-a8ab-b5aef563332d,2194.416272,79551.92329,2194.416272,0.036547,92,61.27709682,0.07,0.93,46.465,41.1,11544,4,23.743,11544,4,0.141,11323,4,0.069,18944,6,17.589,15404,5,-0.54,23929,8,0.23,13034,4,206148.7383,3425.465632
3404,E01003567,Newham 007D,,541122,184960,51.5459,0.0338,5106b813-e351-4f80-896b-ec23750ecc4e,1663.375086,98159.67957,1663.375086,0.0338,92,153.1899438,0.22,0.78,46.39,41.1,7033,3,32.133,7033,3,0.21,6105,2,0.106,11564,4,22.357,12315,4,0.04,15387,5,0.311,11780,4,254900.8691,2610.584295
3393,E01003556,Newham 008A,,540576,185184,51.548,0.02602,086cd3cd-60bd-4cc6-8158-f91d08248aa4,2115.949436,138028.7688,2115.949436,0.02602,74,117.134765,0.17,0.83,37.415,51.2,3646,2,42.29,3646,2,0.255,3809,2,0.128,8783,3,21.586,12813,4,0.229,12659,4,1.549,930,1,358134.8376,3253.763547
3395,E01003558,Newham 008B,,540432,184873,51.5453,0.023821,de6093cc-663b-4610-a8a8-84c635cf544c,2242.601808,150344.8925,2242.601808,0.023821,85,111.2820766,0.16,0.84,42.92,51.2,4804,2,38.255,4804,2,0.217,5724,2,0.114,10470,4,24.024,11330,4,0.228,12675,4,1.285,1815,1,386556.3208,3269.475029
3407,E01003570,Newham 008C,,540807,184874,51.5452,0.029226,2508a3df-4aa3-4c37-83f6-cfe1293f6bdc,1818.724733,102583.0207,1818.724733,0.029226,81,183.3874223,0.27,0.73,40.865,51.2,7384,3,31.336,7384,3,0.164,9322,3,0.08,16287,5,22.616,12170,4,0.077,14845,5,0.894,4446,2,257642.2595,2741.254151
3408,E01003571,Newham 008D,,540839,184672,51.5434,0.029606,703e5e8d-cb50-419e-a30b-ac76bc11dcca,1991.708032,105063.8665,1991.708032,0.029606,69,201.3621329,0.3,0.7,34.85,51.2,9039,3,27.983,9039,3,0.177,8288,3,0.089,14477,5,16.775,15985,5,-0.023,16355,5,0.195,13589,5,277833.6581,3032.800949
3409,E01003572,Newham 008E,,540555,184464,51.5416,0.025431,048cd9b6-4863-4271-980b-e9bd517a6293,1662.724723,93765.97794,1662.724723,0.025431,88,54.00450391,0.06,0.94,44.47,51.2,9158,3,27.781,9158,3,0.183,7849,3,0.101,12312,4,19.958,13788,5,-0.075,17185,6,0.075,15501,5,238844.7413,2528.962108
3388,E01003551,Newham 009A,,540065,184741,51.5442,0.01848,8d2a7ad6-6d56-42a5-b498-8915408e38f3,1717.3069,95354.01312,1717.3069,0.01848,65,141.4399579,0.21,0.79,32.895,58.9,5894,2,34.983,5894,2,0.173,8576,3,0.118,9979,4,10.929,20965,7,0.881,5214,2,0.688,6637,3,245308.0057,2538.8977
3390,E01003553,Newham 009B,,539694,184821,51.545,0.013165,be551d7d-c3b1-4e97-880e-dcce7bcbc766,1900.108169,104076.3767,1900.108169,0.013165,74,120.3320959,0.17,0.83,37.415,58.9,5596,2,35.838,5596,2,0.231,4955,2,0.131,8366,3,12.39,19584,6,0.498,9121,3,0.772,5713,2,268141.0606,2736.743431
3391,E01003554,Newham 009C,,539810,184489,51.542,0.014705,69335914-c265-4dc8-bfa0-c2e413e62fe9,1849.64639,97792.53904,1849.64639,0.014705,21,220.956902,0.34,0.66,10.83,58.9,12839,4,21.902,12839,4,0.108,15162,5,0.064,20432,7,10.738,21142,7,-0.083,17304,6,0.528,8696,3,257339.0143,2879.078772
3396,E01003559,Newham 009D,,539403,184822,51.5451,0.008972,0652f86a-563f-4c65-b4b7-2d83016840a9,2542.630518,154925.4576,2542.630518,0.008972,90,77.90378583,0.1,0.9,45.45,58.9,13767,5,20.714,13767,5,0.104,15700,5,0.058,21953,7,8.585,23328,8,-0.109,17711,6,0.299,11942,4,401351.5256,3810.625451
3366,E01003529,Newham 010A,,542389,184738,51.5436,0.051969,14922776-c369-40be-bff7-746a64787f4b,2070.172669,117871.1451,2070.172669,0.051969,83,117.298754,0.17,0.83,41.915,43.6,11784,4,23.37,11784,4,0.149,10573,4,0.067,19467,6,14.846,17463,6,-0.669,25575,8,-0.149,18878,6,302816.6633,3157.351281
3367,E01003530,Newham 010B,,542756,184705,51.5432,0.057244,72baffb8-0cca-457f-952c-48f8611f9c6d,1615.823317,120731.1654,1615.823317,0.057244,48,180.2725442,0.27,0.73,24.365,43.6,12818,4,21.945,12818,4,0.142,11285,4,0.07,18667,6,13.855,18288,6,-0.558,24153,8,-0.099,18119,6,307419.0233,2481.343118
3368,E01003531,Newham 010C,,542070,184413,51.5407,0.047241,c0882768-10c7-45af-bb93-d65624ff3fb2,2412.356332,222401.0347,2412.356332,0.047241,70,92.54768373,0.13,0.87,35.435,43.6,8410,3,29.192,8410,3,0.183,7802,3,0.086,15096,5,14.232,17961,6,-0.307,20759,7,0.808,5326,2,578244.8233,3643.731189
3369,E01003532,Newham 010D,,542506,184504,51.5415,0.05356,648e0129-436c-4231-a9a4-92dc7b45d9db,1746.925609,111865.9545,1746.925609,0.05356,95,86.42842079,0.12,0.88,47.94,43.6,10613,4,25.259,10613,4,0.152,10320,4,0.069,18965,6,11.321,20596,7,-0.555,24131,8,0.546,8449,3,286893.8273,2621.065963
3371,E01003534,Newham 010E,,542433,185053,51.5464,0.05273,4a9aacf2-f8e4-475d-81aa-28b7fce7474e,1817.606305,137215.3385,1817.606305,0.05273,58,209.8462163,0.32,0.68,29.34,43.6,10661,4,25.169,10661,4,0.146,10825,4,0.076,17239,6,19.488,14091,5,-0.558,24160,8,-0.078,17808,6,355978.4046,2825.122158
3370,E01003533,Newham 011A,,541735,184264,51.5395,0.042354,88548508-ee95-4fbf-a337-9dc854e19183,1946.087911,114452.16,1946.087911,0.042354,81,104.8551873,0.15,0.85,40.925,40.9,9258,3,27.567,9258,3,0.158,9813,3,0.089,14503,5,16.616,16104,5,-0.221,19454,6,0.354,11103,4,291898.6369,3015.317505
3397,E01003560,Newham 011B,,541506,184826,51.5446,0.03928,eda7bbd6-6404-4f1f-86f8-311bde89f7c6,1258.543549,79389.43534,1258.543549,0.03928,40,177.0290134,0.26,0.74,20.37,40.9,9022,3,28.024,9022,3,0.177,8277,3,0.102,12167,4,21.031,13118,4,-0.378,21836,7,-0.085,17916,6,201855.6779,1915.640059
3400,E01003563,Newham 011C,,541583,184562,51.5422,0.040283,ce7704c7-7a42-4df5-8d2e-e152e11d008a,1413.378818,91063.65065,1413.378818,0.040283,40,200.7040778,0.3,0.7,20.35,40.9,9532,3,27.104,9532,3,0.165,9162,3,0.082,15834,5,25.579,10530,4,-0.538,23899,8,-0.002,16712,6,231400.3891,2102.980731
3425,E01003588,Newham 011D,,541794,184904,51.5452,0.043461,c6e0b592-b250-40b8-926c-52d0f925bca5,1762.341287,74496.91395,1762.341287,0.043461,17,317.7081673,0.49,0.51,8.755,40.9,8411,3,29.189,8411,3,0.183,7842,3,0.094,13610,5,19.016,14388,5,0.017,15745,5,-0.013,16889,6,191878.411,2765.378116
3426,E01003589,Newham 011E,,541975,184764,51.5439,0.046013,f06d9cee-ec5a-4fcb-ae4d-c57c8c315276,1620.094894,137437.0081,1620.094894,0.046013,25,276.9477176,0.43,0.57,12.785,40.9,9696,3,26.805,9696,3,0.165,9187,3,0.074,17714,6,19.662,13973,5,-0.074,17164,6,0.228,13078,4,349373.8514,2536.428252
3447,E01003616,Newham 012A,,539048,185067,51.5474,0.003952,fe57992a-27f5-4e65-8dbf-2a9f28581f3e,2704.518572,145546.4306,2704.518572,0.003952,54,235.4274628,0.36,0.64,27.32,67,8296,3,29.41,8296,3,0.165,9201,3,0.085,15157,5,16.725,16024,5,0.229,12657,4,0.995,3557,2,376861.7276,3937.716867
3448,E01003618,Newham 012C,,539288,184464,51.5419,0.007173,792f5692-1451-472b-aaa5-129ceeb9f92a,2285.939582,160469.1146,2285.939582,0.007173,71,62.5454918,0.08,0.92,35.96,67,9706,3,26.797,9706,3,0.121,13549,5,0.06,21537,7,10.809,21076,7,-0.291,20513,7,1.064,3032,1,416017.2626,3458.596584
3449,E01003619,Newham 012D,,538893,184114,51.5388,0.001343,6c608c10-48ef-4cc7-9b8b-d278a1cb3e29,3298.231221,254101.4631,3298.231221,0.001343,54,228.2537514,0.35,0.65,27.325,67,5784,2,35.297,5784,2,0.194,7028,3,0.097,13081,4,10.21,21626,7,0.643,7462,3,0.895,4435,2,657869.841,4964.711248
32238,E01034199,Newham 012E,,538888,184896,51.5459,0.001579,6ca27274-1db1-4507-89d1-490b395a6cbf,2089.620825,105587.1947,2089.620825,0.001579,82,150.7700632,0.22,0.78,41.39,67,8005,3,30.044,8005,3,,,,,,,,,,,,,,,,,
32239,E01034200,Newham 012F,,538881,184529,51.5426,0.001334,cb262565-ee95-45f7-b7be-cd16ea6d66a7,1708.859851,127111.9692,1708.859851,0.001334,93,137.6598788,0.2,0.8,46.9,67,8005,3,30.044,8005,3,,,,,,,,,,,,,,,,,
3399,E01003562,Newham 014A,,541271,184571,51.5424,0.035791,088a8714-b38f-42e8-a0f2-a33cafc0b1a8,1946.357483,98370.33146,1946.357483,0.035791,97,105.1969894,0.15,0.85,48.925,41.1,10266,4,25.879,10266,4,0.144,11076,4,0.072,18136,6,18.945,14439,5,-0.536,23882,8,0.16,14172,5,264584.1368,2832.201565
3401,E01003564,Newham 014B,,541277,184340,51.5403,0.035785,74d7b30d-b0f8-430a-83ad-5892e35ce667,1925.478242,108723.5874,1925.478242,0.035785,67,181.3291908,0.27,0.73,33.865,48.3,9354,3,27.393,9354,3,0.162,9503,3,0.092,13914,5,14.044,18130,6,-0.187,18954,6,0.348,11193,4,283755.4015,2844.017596
3402,E01003565,Newham 014C,,541607,184076,51.5378,0.040434,ad01c6cc-e659-4dc6-881d-0a9ceab888a0,1316.243413,90240.8645,1316.243413,0.040434,94,88.42974531,0.12,0.88,47.44,48.3,10503,4,25.412,10503,4,0.158,9768,3,0.064,20488,7,14.138,18040,6,0.121,14175,5,0.209,13336,5,228757.0933,2050.158942
3403,E01003566,Newham 014D,,541316,183997,51.5372,0.036209,c35a7ce5-2cbb-4122-a324-e2880a80a97b,1672.800098,97230.3319,1672.800098,0.036209,90,55.11009442,0.06,0.94,45.47,48.3,7833,3,30.414,7833,3,0.158,9823,3,0.094,13612,5,19.2,14259,5,-0.093,17457,6,0.846,4929,2,255822.3032,2545.451096
3454,E01003625,Newham 015A,,543141,184552,51.5417,0.06273,78839971-a2bc-47e5-b1c0-a57152cdeaae,3640.301713,318912.8923,3640.301713,0.06273,0,625.8927257,1,0,0,42.3,8697,3,28.623,8697,3,0.14,11454,4,0.082,15927,5,17.968,15152,5,-0.289,20492,7,0.48,9343,3,817064.4452,5661.346114
3455,E01003626,Newham 015B,,542883,184414,51.5406,0.058957,6ab54e70-1e33-4636-ba0b-df30e87d6c94,1617.975951,102569.7356,1617.975951,0.058957,1.5,266.9340759,0.41,0.59,1.045,42.3,11413,4,23.921,11413,4,0.111,14855,5,0.072,18345,6,10.116,21708,7,0.005,15934,5,0.111,14963,5,262439.7403,2519.411108
3456,E01003627,Newham 015C,,542891,184141,51.5381,0.058961,72bf218b-2198-4ce5-9633-cebf0f261a66,1673.364415,76271.98174,1673.364415,0.058961,0,446.9799303,0.71,0.29,0.145,42.3,8805,3,28.43,8805,3,0.193,7119,3,0.087,14862,5,18.591,14705,5,0.161,13600,5,0.11,14980,5,198264.1941,2561.432712
3457,E01003628,Newham 015D,,543160,184049,51.5372,0.0628,6d8df474-b7cb-4f6c-8f4f-16436c241c89,2005.905125,92848.32485,2005.905125,0.0628,0,400.7627454,0.63,0.37,0.185,42.3,13234,5,21.405,13234,5,0.125,13158,5,0.06,21567,7,11.355,20556,7,-0.332,21156,7,0.231,13022,4,240208.52,3030.770594
3458,E01003629,Newham 015E,,542671,184031,51.5372,0.055747,1aa512d5-8de2-4deb-beef-61f58660c302,1149.62164,65132.94456,1149.62164,0.055747,0,272.3840772,0.42,0.58,0.29,42.3,9618,3,26.957,9618,3,0.163,9361,3,0.069,18936,6,17.232,15644,5,-0.375,21801,7,-0.109,18265,6,165657.894,1780.737115
3389,E01003552,Newham 016A,,540201,184627,51.5431,0.020394,ae3a4f89-716e-4871-9178-ca10648e2c3b,1957.519894,106435.4352,1957.519894,0.020394,19,277.8549564,0.43,0.57,9.785,47.7,8113,3,29.808,8113,3,0.175,8444,3,0.112,10770,4,16.287,16340,5,-0.134,18130,6,0.301,11917,4,279019.5434,2868.339812
3433,E01003596,Newham 016B,,540174,183795,51.5357,0.019674,b21f1e68-b2bf-4bde-ae7b-d964237908e0,2620.810812,111756.023,2620.810812,0.019674,78,31.25721445,0.02,0.98,39.49,47.7,10626,4,25.24,10626,4,0.146,10897,4,0.074,17741,6,17.976,15146,5,0.08,14816,5,0.152,14265,5,286210.3262,4040.823989
3434,E01003597,Newham 016C,,540535,183731,51.535,0.02485,778562db-4f0d-4026-b405-aff962e0d66d,1719.336137,89695.70461,1719.336137,0.02485,57,168.2828411,0.25,0.75,28.875,47.7,10384,4,25.676,10384,4,0.169,8831,3,0.079,16627,6,18.282,14934,5,-0.29,20503,7,0.114,14915,5,232635.199,2486.418632
3464,E01003635,Newham 016D,,539940,184058,51.5381,0.016407,5e820211-32e2-4068-a15e-7ca774fb4ec2,3748.525576,396524.8893,3748.525576,0.016407,45,199.37955,0.3,0.7,22.85,47.7,10995,4,24.619,10995,4,0.128,12721,4,0.083,15608,5,10.884,21003,7,-0.495,23352,8,1.066,3021,1,1015312.846,5740.880161
3405,E01003568,Newham 017A,,540862,183816,51.5357,0.029595,ccfc64fc-7534-46d8-aae8-e9385ed21849,1608.013805,109774.6349,1608.013805,0.029595,28,226.5930891,0.34,0.66,14.33,47.2,11361,4,24.045,11361,4,0.139,11601,4,0.081,16157,5,12.708,19307,6,-0.06,16944,6,0.079,15430,5,279670.4391,2463.300763
3406,E01003569,Newham 017B,,541044,183980,51.5371,0.032283,d044b13d-20e7-4586-95fa-ed7dd5f08fab,1642.686384,104757.9704,1642.686384,0.032283,90,56.16907518,0.07,0.93,45.465,47.2,9189,3,27.715,9189,3,0.162,9472,3,0.076,17127,6,15.008,17353,6,-0.316,20902,7,0.846,4922,2,269346.6311,2506.515855
3410,E01003573,Newham 017C,,540979,184338,51.5403,0.03149,0c4f5589-0b37-49a0-8ec9-5b5d958ce6f9,1929.547386,99558.64574,1929.547386,0.03149,51,140.8247205,0.2,0.8,25.9,47.2,9549,3,27.069,9549,3,0.147,10781,4,0.082,15870,5,20.11,13705,5,0.207,12969,4,-0.012,16873,6,254366.1569,2971.068407
3411,E01003574,Newham 017D,,540584,184186,51.5391,0.025737,af0b43c0-cbbf-4baa-b7f0-df976c46a9e9,2635.604574,189281.5593,2635.604574,0.025737,72,190.9000663,0.29,0.71,36.355,47.2,8339,3,29.332,8339,3,0.184,7772,3,0.093,13821,5,17.462,15496,5,-0.088,17373,6,0.142,14444,5,492461.7836,4091.498945
3357,E01003520,Newham 018A,,542150,184069,51.5376,0.048255,34619c5f-2560-4577-a9a9-08d8c8b1e6fe,2441.052702,130230.6204,2441.052702,0.048255,56,104.7300347,0.15,0.85,28.425,51,9784,3,26.667,9784,3,0.147,10740,4,0.068,19217,6,15.055,17314,6,-0.562,24204,8,1.075,2963,1,342883.4523,3775.990014
3358,E01003521,Newham 018B,,542572,183804,51.5351,0.054228,3dc86957-72a5-4ad6-9357-fd58fcf6dfa1,2207.138077,136301.0823,2207.138077,0.054228,86,74.82980804,0.1,0.9,43.45,51,8772,3,28.488,8772,3,0.1,16257,5,0.051,24531,8,13.164,18898,6,-0.505,23476,8,1.053,3128,1,347668.7501,3317.650751
3359,E01003522,Newham 018C,,542194,183847,51.5356,0.048799,a49ea6bd-bd30-4b61-a1ae-4f787fa044db,1321.228795,78206.31834,1321.228795,0.048799,27,207.1732284,0.31,0.69,13.845,51,7371,3,31.365,7371,3,0.183,7793,3,0.083,15692,5,17.49,15473,5,0.021,15681,5,0.387,10646,4,199152.6852,1956.906989
3362,E01003525,Newham 018D,,542343,183605,51.5334,0.050849,55da863c-be9c-4540-9269-e061c13be263,2312.062608,129160.3486,2312.062608,0.050849,86,22.47159208,0.01,0.99,43.495,51,7708,3,30.664,7708,3,0.149,10617,4,0.061,21237,7,17.133,15716,5,-0.815,27165,9,1.282,1828,1,333719.9286,3534.831883
3363,E01003526,Newham 018E,,542440,183342,51.531,0.05214,bab6e75f-95c2-4746-89da-54a6d70f9aca,2091.463336,107078.6944,2091.463336,0.05214,61,169.8706087,0.25,0.75,30.875,51,7996,3,30.073,7996,3,0.168,8969,3,0.094,13650,5,17.289,15608,5,0.073,14905,5,0.329,11503,4,276778.9557,3162.900023
3329,E01003488,Newham 019A,,541709,183657,51.534,0.041735,38b0cecb-efc9-40e6-a2fe-596ae596f7b8,2231.035641,130102.7559,2231.035641,0.041735,30,346.1918448,0.54,0.46,15.23,52,4059,2,40.69,4059,2,0.268,3282,1,0.177,4510,2,24.699,10990,4,0.347,11012,4,0.646,7121,3,331116.2667,3448.247967
3330,E01003489,Newham 019B,,541447,183584,51.5335,0.037931,2d5fdbe5-3180-4339-b378-1d149c0cc330,1671.189108,122658.6131,1671.189108,0.037931,61,137.0988116,0.2,0.8,30.9,52,6119,2,34.363,6119,2,0.236,4705,2,0.118,9926,4,21.799,12670,4,0.009,15872,5,0.577,8032,3,315435.0971,2602.807018
3331,E01003490,Newham 019C,,541886,183488,51.5325,0.044217,233c0330-5f24-43aa-b485-02583ca87179,2092.72715,100644.3679,2092.72715,0.044217,12,365.1892649,0.57,0.43,6.215,52,7543,3,31.017,7543,3,0.212,5991,2,0.093,13702,5,23.332,11710,4,-0.068,17065,6,0.29,12079,4,260252.9365,3187.555291
3361,E01003524,Newham 019D,,542046,183617,51.5336,0.046574,93b53e4c-8af2-455e-b638-8902b8d55002,1728.325196,88078.38318,1728.325196,0.046574,45,164.2365294,0.24,0.76,22.88,52,8734,3,28.552,8734,3,0.147,10805,4,0.087,14783,5,22.598,12181,4,-0.655,25405,8,0.094,15222,5,228354.8043,2597.368857
3460,E01003631,Newham 020A,,539338,183215,51.5307,0.0074,00a58efb-bc56-4593-a890-142a3fa97be0,2302.268563,165621.4174,2302.268563,0.0074,60,25.53596677,0.02,0.98,30.49,53,9440,3,27.243,9440,3,0.176,8342,3,0.088,14597,5,16.727,16021,5,-0.198,19105,6,0.266,12454,4,422637.8039,3550.094828
3461,E01003632,Newham 020B,,539688,183337,51.5317,0.01249,12162e5c-a629-4d93-b5d6-efc8676357e3,1965.293203,136922.8911,1965.293203,0.01249,42,218.4453401,0.33,0.67,21.335,53,13571,5,20.975,13571,5,0.121,13616,5,0.07,18661,6,14.515,17751,6,-0.477,23099,8,-0.061,17568,6,355376.8661,3019.541686
3462,E01003633,Newham 020C,,539394,183577,51.5339,0.008349,8aa267dc-39e9-4566-af1a-905a2ef0133b,1826.383975,96301.01116,1826.383975,0.008349,89,20.80592461,0.01,0.99,44.995,53,4440,2,39.451,4440,2,0.249,4050,2,0.175,4614,2,22.676,12117,4,0.416,10119,4,0.518,8811,3,246858.4721,2751.661712
3463,E01003634,Newham 020D,,539072,183758,51.5356,0.003782,f0872b2e-ce5a-488e-a41f-9804497307b7,1745.833029,145213.7813,1745.833029,0.003782,27,211.3266674,0.32,0.68,13.84,53,7499,3,31.094,7499,3,0.184,7763,3,0.119,9840,3,21.625,12789,4,0.285,11823,4,0.037,16106,5,377305.2164,2643.677671
3465,E01003636,Newham 020E,,539385,184010,51.5378,0.008391,0a787fd3-c0e0-4e1a-b002-03ec4624658a,2611.089084,196109.3238,2611.089084,0.008391,67,61.89273093,0.07,0.93,33.965,53,6945,3,32.341,6945,3,0.213,5941,2,0.107,11427,4,16.989,15824,5,0.155,13661,5,1.02,3364,2,515017.5214,3847.227161
3435,E01003598,Newham 021A,,540249,183620,51.5341,0.020685,6564d00e-827c-486c-bdad-d489e53010e6,1698.957878,71890.86195,1698.957878,0.020685,70,142.2010099,0.21,0.79,35.395,52.7,7435,3,31.237,7435,3,0.234,4787,2,0.125,9111,3,18.333,14886,5,0.049,15257,5,-0.328,21439,7,186658.6101,2601.94141
3437,E01003600,Newham 021B,,540243,183339,51.5316,0.020487,c6df4924-9ae3-452f-b88b-b9b4eabadf98,2713.253928,110210.8899,2713.253928,0.020487,89,74.04925536,0.09,0.91,44.955,52.7,6130,2,34.336,6130,2,0.204,6404,2,0.131,8377,3,22.996,11903,4,0.214,12861,4,0.64,7198,3,295966.5243,3891.783578
3459,E01003630,Newham 021C,,539856,183533,51.5334,0.014988,0529503c-8000-40ce-8ae4-c8e14633e3a2,2504.621678,104332.3324,2504.621678,0.014988,90,54.42157677,0.06,0.94,45.47,52.7,8101,3,29.832,8101,3,0.208,6192,2,0.112,10763,4,16.998,15813,5,-0.069,17069,6,0.441,9898,4,271021.1519,3795.48291
3466,E01003637,Newham 021D,,539811,183780,51.5356,0.014438,78e82277-fe0e-4916-bd69-9af4cf79ced2,2113.94204,94156.0002,2113.94204,0.014438,51,186.8522732,0.28,0.72,25.86,52.7,12791,4,21.981,12791,4,0.11,14933,5,0.064,20469,7,9.125,22732,7,-0.065,17011,6,0.438,9933,4,240160.7442,3125.845108
3332,E01003491,Newham 022A,,541240,183621,51.5338,0.034964,01d15f4e-0143-4f90-b761-843ebff331f4,1871.747978,103578.4404,1871.747978,0.034964,76,92.29625739,0.12,0.88,38.44,52.7,8256,3,29.506,8256,3,0.186,7609,3,0.083,15663,5,14.984,17368,6,-0.43,22509,7,0.547,8439,3,265930.8052,2886.869727
3429,E01003592,Newham 022B,,540602,183403,51.532,0.025685,4a083700-9fb1-40dc-b866-1ad9a4a0cb9c,2228.972335,146191.5792,2228.972335,0.025685,20,274.8822562,0.42,0.58,10.29,52.7,6110,2,34.378,6110,2,0.2,6664,3,0.119,9858,4,15.428,17032,6,0.561,8376,3,0.609,7604,3,372669.0449,3208.184219
3436,E01003599,Newham 022C,,541005,183475,51.5326,0.031519,5c5f341c-ceaf-464e-bbe2-2e2b7405943a,2005.001422,133974.63,2005.001422,0.031519,2.4,376.6898228,0.59,0.41,1.405,52.7,7477,3,31.152,7477,3,0.201,6616,3,0.102,12226,4,21.49,12858,4,-0.18,18841,6,0.545,8474,3,345988.6235,3144.175302
32240,E01034201,Newham 022E,,541031,183220,51.5303,0.031792,e6142eb9-869e-4f60-abaf-6887b9ac602d,1835.185497,70129.08408,1835.185497,0.031792,37,158.6942425,0.23,0.77,18.885,52.7,8735,3,28.551,8735,3,,,,,,,,,,,,,,,,,
32241,E01034202,Newham 022F,,540995,182984,51.5282,0.031179,1c961eb6-db17-4c90-9ca5-940c8945c45f,2079.107544,94315.5807,2079.107544,0.031179,65,157.5173586,0.23,0.77,32.885,52.7,8735,3,28.551,8735,3,,,,,,,,,,,,,,,,,
3372,E01003535,Newham 023A,,543827,182989,51.5275,0.071978,4cb8d7e0-44eb-4724-9615-44170972adc0,4155.89502,517094.9905,4155.89502,0.071978,42,298.2995496,0.46,0.54,21.27,42.4,3580,2,42.56,3580,2,0.259,3655,2,0.171,4911,2,32.201,7740,3,0.453,9674,3,0.473,9436,3,1280378.31,6299.720594
3373,E01003536,Newham 023B,,543342,182687,51.5249,0.064868,2a65a0ad-78d4-489e-b80b-f0b3d265f164,2547.3534,174708.6465,2547.3534,0.064868,68,127.8575025,0.18,0.82,34.41,42.4,8245,3,29.531,8245,3,0.178,8193,3,0.099,12687,4,21.691,12748,4,-0.151,18419,6,0.525,8730,3,451610.5783,3899.936226
3450,E01003621,Newham 023C,,543045,183806,51.535,0.061044,ac6378cd-77ba-495f-b18c-9fd3562a7ba7,1224.947447,67052.44161,1224.947447,0.061044,46,204.6305873,0.31,0.69,23.345,42.4,12000,4,23.076,12000,4,0.147,10721,4,0.064,20516,7,21.996,12543,4,-0.243,19758,7,-0.161,19047,6,171166.3025,1832.876748
3451,E01003622,Newham 023D,,543459,183821,51.5351,0.067015,d9717c22-9f7a-45f9-b1e4-bb94a522c2c7,4186.930695,241545.4588,4186.930695,0.067015,58,77.51475996,0.1,0.9,29.45,42.4,6357,2,33.739,6357,2,0.178,8216,3,0.115,10265,4,23.275,11741,4,0.022,15669,5,0.901,4382,2,634756.2047,6349.231104
3452,E01003623,Newham 023E,,543560,183425,51.5315,0.068309,959281a1-c991-41fe-b28c-e9586d192838,2604.827915,272154.254,2604.827915,0.068309,38,263.4450369,0.41,0.59,19.295,42.4,7356,3,31.385,7356,3,0.179,8078,3,0.117,9989,4,25.28,10683,4,0.114,14299,5,0.412,10267,4,711272.6823,3989.866243
3360,E01003523,Newham 024A,,542718,183164,51.5294,0.056073,f392b6fe-68f4-492c-977f-459db106825e,2776.29239,205482.5934,2776.29239,0.056073,80,72.20739162,0.09,0.91,40.455,41.9,7292,3,31.507,7292,3,0.183,7801,3,0.108,11360,4,17.82,15259,5,0.12,14189,5,0.532,8650,3,532610.5563,4311.854813
3364,E01003527,Newham 024B,,542432,183056,51.5285,0.051909,56e06971-859b-4b47-a9ac-7c8ea616d8fe,1870.49485,164340.7824,1870.49485,0.051909,9.6,350.6202261,0.55,0.45,5.025,41.9,14394,5,19.947,14394,5,0.092,17572,6,0.063,20551,7,14.682,17602,6,-0.568,24294,8,0.211,13318,5,426319.3981,2947.237309
3374,E01003537,Newham 024C,,542461,182728,51.5255,0.052194,3fa0cc11-4414-4bb6-9b9f-46cf68ffe1fc,2650.136319,193919.2966,2650.136319,0.052194,27,354.9201434,0.56,0.44,13.72,41.9,10573,4,25.312,10573,4,0.144,11074,4,0.072,18170,6,15.711,16820,6,-0.01,16168,5,0.16,14165,5,500826.9173,4085.18628
3379,E01003542,Newham 024D,,542955,182907,51.527,0.059383,9dada3ff-cd1c-4a20-ad30-05bd18e6ec86,2538.004715,134232.7686,2538.004715,0.059383,79,122.7280733,0.17,0.83,39.915,41.9,6748,3,32.819,6748,3,0.21,6064,2,0.125,9129,3,21.596,12801,4,0.183,13300,5,0.367,10926,4,348499.0576,3748.187772
3453,E01003624,Newham 024E,,543079,183374,51.5312,0.061359,4bf9b1e8-a4e9-42eb-8f89-b8acbe5632c7,2388.956156,142823.1819,2388.956156,0.061359,50,166.754754,0.25,0.75,25.375,41.9,7229,3,31.648,7229,3,0.195,6936,3,0.119,9766,3,23.375,11690,4,0.106,14420,5,0.413,10250,4,369864.6268,3714.047706
3333,E01003492,Newham 025A,,541747,183067,51.5287,0.042045,be399d8c-645a-428d-a0f2-8c84df951e57,1961.6475,94042.06296,1961.6475,0.042045,93,46.90644593,0.05,0.95,46.975,41.9,10800,4,24.941,10800,4,0.114,14389,5,0.059,21656,7,21.226,13008,4,-0.144,18298,6,0.336,11389,4,250456.8112,3040.831996
3334,E01003494,Newham 025C,,541699,182800,51.5263,0.041247,dd991fa8-7dc4-4567-a6b9-a319c1bf60d1,2054.601271,105741.8984,2054.601271,0.041247,89,132.3330363,0.19,0.81,44.905,41.9,13284,5,21.333,13284,5,0.113,14602,5,0.056,22694,7,19.303,14190,5,-0.751,26481,9,0.105,15051,5,270096.8549,3149.981969
3335,E01003495,Newham 025D,,542018,182841,51.5266,0.045858,71d80515-2133-4190-8a81-378233102d50,1681.731202,118728.2427,1681.731202,0.045858,24,202.6994086,0.31,0.69,12.345,41.9,16134,5,17.983,16134,5,0.103,15850,5,0.056,22569,7,12.793,19222,6,-0.603,24750,8,-0.269,20606,7,305244.1033,2582.581219
32242,E01034203,Newham 025E,,541612,183341,51.5312,0.040211,aa503ab2-7461-4b00-ab21-49311656ea59,1319.036024,47395.577,1319.036024,0.040211,89,45.68102986,0.05,0.95,44.975,41.9,9393,3,27.328,9393,3,,,,,,,,,,,,,,,,,
32243,E01034204,Newham 025F,,541941,183202,51.5299,0.044894,609916f3-3eed-490f-b226-98864b719fcf,1466.983303,93534.62939,1466.983303,0.044894,45,174.4926599,0.26,0.74,22.87,41.9,9393,3,27.328,9393,3,,,,,,,,,,,,,,,,,
3431,E01003594,Newham 026A,,540164,182948,51.5281,0.019193,f7ef18e7-0875-494d-9a43-44d6019cec37,2251.880436,115949.3788,2251.880436,0.019193,79,214.5564381,0.33,0.67,39.835,51.4,8396,3,29.213,8396,3,0.19,7294,3,0.111,10944,4,14.9,17425,6,0.011,15834,5,0.159,14186,5,299656.545,3415.549363
3432,E01003595,Newham 026B,,540420,183102,51.5294,0.022943,70b0d78a-2f12-4842-b23f-4a4ac9e3566e,1967.200314,92474.18372,1967.200314,0.022943,84,116.4982109,0.16,0.84,42.42,51.4,8140,3,29.76,8140,3,0.183,7798,3,0.105,11743,4,18.514,14765,5,0.256,12236,4,-0.146,18806,6,232748.3041,2899.564762
3439,E01003602,Newham 026C,,540730,182460,51.5235,0.027152,aedc0e5b-4db5-4133-a57d-34b3750ef751,1979.284501,119266.5585,1979.284501,0.027152,92,103.1106057,0.14,0.86,46.43,51.4,10115,4,26.11,10115,4,0.147,10752,4,0.08,16342,5,16.437,16238,5,0.082,14787,5,0.461,9616,3,302613.8601,3085.946882
3443,E01003607,Newham 026D,,540705,182910,51.5276,0.026972,cd5f5415-ceda-4cee-ab47-94b088e8435e,1619.982393,125691.7658,1619.982393,0.026972,97,41.44954196,0.04,0.96,48.98,51.4,7786,3,30.506,7786,3,0.184,7708,3,0.11,11025,4,13.307,18773,6,-0.021,16317,5,0.512,8918,3,325925.8356,2534.536185
3336,E01003496,Newham 027A,,539439,182881,51.5276,0.008723,be225b8c-7eee-486c-b5d8-c110003078a9,1895.383322,189437.6419,1895.383322,0.008723,28,279.8043065,0.43,0.57,14.285,54.5,8737,3,28.548,8737,3,0.185,7699,3,0.123,9364,3,12.787,19228,6,-0.053,16839,6,0.365,10946,4,485413.4399,3014.121617
3338,E01003498,Newham 027B,,539913,182682,51.5257,0.015472,e452dd50-d05d-4836-9bb9-55ff72aa423e,3222.218106,233096.3287,3222.218106,0.015472,71,87.63717392,0.12,0.88,35.94,54.5,6586,3,33.218,6586,3,0.193,7080,3,0.118,9883,4,20.096,13712,5,0.253,12288,4,0.892,4475,2,605081.5994,5024.468577
3340,E01003500,Newham 027C,,539039,182529,51.5246,0.002821,ceed940e-0235-43be-9f78-70df3b15176b,5801.504342,741747.0923,5801.504342,0.002821,40,109.9033962,0.15,0.85,20.425,54.5,6133,2,34.325,6133,2,0.183,7786,3,0.125,9082,3,20.174,13675,5,0.41,10198,4,0.625,7399,3,1889923.743,9298.774377
3430,E01003593,Newham 027D,,539917,183105,51.5295,0.015697,78cb3e1b-e062-40b0-b3e2-56dcfac67a74,1425.84651,108849.6519,1425.84651,0.015697,58,151.9671858,0.22,0.78,29.39,54.5,6804,3,32.672,6804,3,0.216,5747,2,0.124,9148,3,17.674,15352,5,0.298,11666,4,-0.1,18125,6,279583.7586,2285.88088
3438,E01003601,Newham 028A,,541151,182162,51.5207,0.033097,f5a4993b-6f45-4ead-ad37-23cbbe078cc1,3742.678535,353575.0436,3742.678535,0.033097,65,95.29722624,0.13,0.87,32.935,47.1,5153,2,37.186,5153,2,0.204,6435,2,0.134,8099,3,24.832,10925,4,0.408,10227,4,0.995,3564,2,934364.5483,5807.4343
3440,E01003603,Newham 028B,,541403,182628,51.5249,0.036914,56ec691e-929a-4df9-9a20-7eeef208ad89,2728.182523,202894.642,2728.182523,0.036914,77,161.7967738,0.24,0.76,38.88,47.1,12180,4,22.804,12180,4,0.136,11884,4,0.064,20361,7,15.648,16862,6,-0.312,20823,7,0.048,15918,5,521477.9366,4303.414253
3442,E01003605,Newham 028C,,541278,183062,51.5288,0.035287,1539a9c5-450e-43b9-b92b-3f98367325fd,2155.784568,106143.0169,2155.784568,0.035287,85,120.9979573,0.17,0.83,42.915,47.1,8278,3,29.461,8278,3,0.169,8848,3,0.104,11850,4,22.402,12296,4,-0.33,21128,7,0.182,13814,5,275061.5746,3316.20034
3444,E01003608,Newham 028D,,541192,182719,51.5257,0.033911,73b94e2d-de17-4d7c-a172-a654b4b1c05f,1618.946165,93026.70307,1618.946165,0.033911,19,272.6786467,0.42,0.58,9.79,47.1,11406,4,23.936,11406,4,0.099,16380,5,0.053,23839,8,11.154,20748,7,-0.332,21145,7,0.879,4591,2,239433.9257,2427.471669
3375,E01003538,Newham 029A,,542715,182564,51.524,0.055787,7a4530d3-077f-4d8c-98b9-1d6ab5a264b5,2612.714837,173841.9746,2612.714837,0.055787,70,181.4795198,0.27,0.73,35.365,40.6,7064,3,32.047,7064,3,0.189,7385,3,0.103,11992,4,23.097,11846,4,0.058,15101,5,0.539,8549,3,444037.6742,4005.874929
3376,E01003539,Newham 029B,,541831,182379,51.5225,0.042979,efec0c32-bc11-490a-b529-615b7104c655,3092.573014,248369.4049,3092.573014,0.042979,64,86.22713163,0.11,0.89,32.445,40.6,9378,3,27.345,9378,3,0.166,9078,3,0.086,15087,5,18.691,14638,5,-0.123,17948,6,0.486,9267,3,654698.7417,4777.77167
3377,E01003540,Newham 029C,,542904,182348,51.522,0.058422,0ae41806-4344-452d-b49d-acc664816c14,2822.274211,207694.9699,2822.274211,0.058422,68,66.60131823,0.08,0.92,34.46,40.6,4673,2,38.68,4673,2,0.218,5655,2,0.127,8855,3,25.129,10763,4,0.445,9778,3,0.551,8389,3,538571.2543,4355.667222
3378,E01003541,Newham 029D,,542406,182246,51.5212,0.051207,27e8c18e-d3fe-436c-b781-1f2c2c6fd655,2662.670508,160885.4195,2662.670508,0.051207,57,171.0251646,0.25,0.75,28.875,40.6,9496,3,27.163,9496,3,0.155,10036,4,0.076,17134,6,18.816,14539,5,-0.367,21686,7,0.444,9850,3,393431.8646,4009.964662
3339,E01003499,Newham 030A,,540410,182453,51.5235,0.02254,23ee49c8-a698-4c59-9dcb-72351b346ee2,2501.009243,170409.2643,2501.009243,0.02254,75,102.1969448,0.14,0.86,37.93,58.7,4081,2,40.608,4081,2,0.247,4182,2,0.141,7400,3,22.394,12299,4,0.485,9265,3,0.991,3597,2,437816.0131,3764.43131
3341,E01003501,Newham 030B,,539873,182282,51.5221,0.014737,566adb54-0e67-47f9-baa8-9d25805cb98d,2752.782172,158394.8661,2752.782172,0.014737,48,256.1143485,0.39,0.61,24.305,58.7,5437,2,36.283,5437,2,0.215,5783,2,0.141,7359,3,24.032,11325,4,0.076,14854,5,0.925,4181,2,406889.1135,4073.673148
3342,E01003502,Newham 030C,,539982,181959,51.5192,0.016179,3bfd9f15-04f5-44c0-9014-547b105b5f37,3542.571067,150662.8052,3542.571067,0.016179,91,72.09229784,0.09,0.91,45.955,58.7,5384,2,36.469,5384,2,0.23,4987,2,0.111,10831,4,21.271,12986,4,0.009,15871,5,1.062,3056,1,398833.0627,5270.953241
3343,E01003503,Newham 030D,,539512,181779,51.5177,0.009338,0bbec239-b7ed-4e27-89b9-ea88df5c1376,3559.712898,147180.4195,3559.712898,0.009338,96,37.34233557,0.03,0.97,48.485,58.7,4459,2,39.386,4459,2,0.226,5213,2,0.167,5198,2,20.593,13399,5,0.368,10745,4,1.232,2080,1,380003.437,5584.340592
3345,E01003507,Newham 031A,,540551,182118,51.5205,0.024438,c0ffff66-48f9-4806-b4d3-cad532124a34,2430.314866,142061.2399,2430.314866,0.024438,86,86.19015036,0.11,0.89,43.445,53.3,6282,2,33.98,6282,2,0.159,9696,3,0.097,13042,4,21.693,12744,4,0.368,10742,4,0.819,5223,2,374944.901,3694.398682
3346,E01003508,Newham 031B,,540242,181711,51.5169,0.019825,0440a7a3-24af-4633-9e81-845f3e8c630b,2768.653138,130822.9872,2768.653138,0.019825,45,243.4071447,0.37,0.63,22.815,53.3,5231,2,36.928,5231,2,0.187,7569,3,0.099,12724,4,24.859,10905,4,0.361,10845,4,1.409,1325,1,340310.6042,4106.740982
3347,E01003509,Newham 031C,,540404,181943,51.519,0.022251,4ac9e4d6-982b-4c2f-95f0-ecf9fd74a1a1,1528.849843,104258.6346,1528.849843,0.022251,62,115.6030766,0.16,0.84,31.42,53.3,5736,2,35.443,5736,2,0.197,6836,3,0.12,9639,3,21.979,12556,4,0.287,11805,4,0.688,6636,3,264343.9001,2285.9347
3441,E01003604,Newham 031D,,540918,181954,51.5189,0.029658,c504b9a9-579c-48a9-bd05-b4290ca0383d,3112.329341,221401.6617,3112.329341,0.029658,55,25.46000833,0.02,0.98,27.99,53.3,5642,2,35.681,5642,2,0.201,6595,3,0.111,10873,4,21.235,13001,4,0.319,11367,4,0.773,5700,2,555594.4723,4831.366204
3324,E01003483,Newham 032A,,542083,181918,51.5183,0.046423,8e9e8fb2-9d54-482f-b9a2-02b50cd1ebb8,3401.529242,245330.0122,3401.529242,0.046423,19,240.0962393,0.37,0.63,9.815,39.6,5149,2,37.192,5149,2,0.237,4675,2,0.143,7182,3,24.626,11036,4,0.219,12792,4,0.669,6860,3,630871.3173,5563.779195
3325,E01003484,Newham 032B,,542576,181891,51.5179,0.053513,d32b6405-d641-4a7a-a058-64efd104a5e1,2122.883592,101182.2442,2122.883592,0.053513,36,171.4789152,0.25,0.75,18.375,39.6,12241,4,22.723,12241,4,0.151,10428,4,0.068,19326,6,12.473,19519,6,-0.158,18510,6,0.067,15627,5,257256.7641,3162.656449
3353,E01003516,Newham 032C,,541339,181704,51.5166,0.035622,a4ecf1b3-4c8d-41c4-be68-6d50f770cb23,2508.148677,134899.7574,2508.148677,0.035622,89,50.3671816,0.06,0.94,44.97,39.6,4284,2,39.917,4284,2,0.25,4038,2,0.159,5753,2,27.052,9799,3,0.48,9325,3,0.323,11598,4,349968.4611,3955.109433
3355,E01003518,Newham 032D,,541604,181531,51.515,0.039369,bcfb09e6-45ca-47b1-abb3-ca322e3daca0,2768.300413,180621.0984,2768.300413,0.039369,59,98.50879463,0.13,0.87,29.935,39.6,12298,4,22.636,12298,4,0.118,13950,5,0.071,18577,6,14.172,18009,6,-0.334,21180,7,0.004,16609,6,464196.8163,4465.870325
3356,E01003519,Newham 032E,,541249,181495,51.5147,0.034242,eeba4e91-2fc3-45f2-8b8d-721cb697e918,1333.974876,62241.23432,1333.974876,0.034242,48,191.4743529,0.29,0.71,24.355,39.6,8298,3,29.409,8298,3,0.163,9400,3,0.096,13173,5,24.268,11201,4,0.146,13783,5,0.158,14196,5,161243.6553,2103.401238
3322,E01003480,Newham 033A,,543539,180983,51.5095,0.067013,671516ba-9bd1-4af4-8c20-3dcb16d41e0b,3017.413843,285641.8728,3017.413843,0.067013,93,121.3285797,0.17,0.83,46.915,39.9,11375,4,24.019,11375,4,0.129,12609,4,0.071,18475,6,22.099,12477,4,-0.337,21237,7,0.104,15069,5,743810.4027,4629.782688
3327,E01003486,Newham 033C,,543008,181564,51.5149,0.059602,ded6307f-36dd-4ded-b75e-87b8da5a879a,3672.879275,218542.8681,3672.879275,0.059602,83,65.74022452,0.08,0.92,41.96,45.9,2519,1,47.765,2519,1,0.294,2412,1,0.206,2853,1,27.832,9468,3,0.641,7486,3,1.199,2237,1,565003.4055,5518.05519
3328,E01003487,Newham 033D,,543528,181458,51.5138,0.067048,766e9b7b-a983-4098-880e-1cb9d5acdafc,2303.855556,124396.9524,2303.855556,0.067048,64,131.9126119,0.19,0.81,32.405,45.9,3338,2,43.594,3338,2,0.298,2261,1,0.201,3074,1,29.007,8968,3,0.653,7361,3,0.101,15118,5,321220.2296,3418.431874
32244,E01034205,Newham 033E,,544253,182297,51.5212,0.077831,57b3cf44-a162-45a7-8d86-0f740be5f639,8329.888437,2459509.545,8329.888437,0.077831,21,471.5274229,0.75,0.25,10.625,45.9,9464,3,27.209,9464,3,,,,,,,,,,,,,,,,,
32245,E01034206,Newham 033F,,544481,181408,51.5131,0.080751,4e26f9f9-646d-453f-8b7f-fe46f4abd341,6890.009894,1709632.01,6890.009894,0.080751,24,129.1099587,0.19,0.81,12.405,45.9,9464,3,27.209,9464,3,,,,,,,,,,,,,,,,,
32246,E01034207,Newham 033G,,544028,180743,51.5073,0.073956,1581dad5-5677-4ee6-9d89-4c0f9143029d,2345.591486,138309.225,2345.591486,0.073956,74,129.9265855,0.19,0.81,37.405,39.9,9464,3,27.209,9464,4,,,,,,,,,,,,,,,,,
3337,E01003497,Newham 034A,,538951,181936,51.5193,0.00132,23d6fd9d-6f3a-481a-89e9-6169333b1d98,5489.054054,732208.8611,5489.054054,0.00132,50,187.7332374,0.28,0.72,25.36,63.1,6552,2,33.279,6552,2,0.198,6806,3,0.111,10891,4,26.39,10105,4,0.264,12135,4,0.708,6427,2,1756228.096,8824.115375
3344,E01003506,Newham 034D,,540406,181014,51.5106,0.02191,8fc1e332-1080-4f6f-b942-5f5bc1836947,1700.262,106292.6411,1700.262,0.02191,88,89.93145086,0.12,0.88,44.44,63.1,3005,1,45.294,3005,1,0.289,2564,1,0.172,4869,2,23.231,11775,4,0.898,5060,2,0.888,4506,2,274192.9515,2599.655507
31673,E01033584,Newham 034I,,540063,181147,51.5119,0.017023,d3b6adff-bf75-4c06-a426-f91feb713a69,2558.205232,150662.1074,2558.205232,0.017023,73,40.57802655,0.04,0.96,36.98,63.1,3844,2,41.55,3844,2,0.278,2931,1,0.133,8216,3,22.827,12015,4,0.554,8464,3,1.097,2828,1,385359.3214,3800.046243
32247,E01034208,Newham 034J,,539829,181423,51.5144,0.013763,1f016b59-25bf-4708-99e2-b1fe8e3a88bd,2245.030162,149959.8945,2245.030162,0.013763,46,135.4129571,0.2,0.8,23.4,63.1,3823,2,41.668,3823,2,,,,,,,,,,,,,,,,,
32248,E01034209,Newham 034K,,539606,181321,51.5136,0.010511,e42d782e-3870-44d3-8069-8e6d19f2658f,3251.232265,177666.4473,3251.232265,0.010511,63,58.94818412,0.07,0.93,31.965,63.1,3823,2,41.668,3823,2,,,,,,,,,,,,,,,,,
32249,E01034210,Newham 034L,,539891,180958,51.5102,0.014471,56aac99c-d690-4b70-8010-d5052a730881,2083.349439,97068.44306,2083.349439,0.014471,96,165.5828109,0.24,0.76,48.38,63.1,11093,4,24.456,11093,4,,,,,,,,,,,,,,,,,
32250,E01034211,Newham 034M,,539675,180778,51.5087,0.011289,cf821cc2-bfcb-44ab-ac89-74b4ffebd5b0,3939.382976,378621.6919,3939.382976,0.011289,37,193.5320881,0.29,0.71,18.855,63.1,11093,4,24.456,11093,4,,,,,,,,,,,,,,,,,
32251,E01034212,Newham 034N,,540285,180688,51.5077,0.020037,fdbff5a5-8d0a-4cf8-afb5-981f5659f9cb,2603.173774,288258.5281,2603.173774,0.020037,36,252.4473044,0.39,0.61,18.305,63.1,15620,5,18.55,15620,5,,,,,,,,,,,,,,,,,
3321,E01003479,Newham 035A,,542478,181238,51.5121,0.051837,4c411bbe-9482-4c95-9442-b41fdc274cf1,3207.534659,302470.9692,3207.534659,0.051837,30,321.5510803,0.5,0.5,15.25,39.9,7984,3,30.088,7984,3,0.156,9917,4,0.112,10776,4,14.178,18005,6,-0.493,23339,8,0.946,3975,2,771308.9338,4668.242428
3323,E01003481,Newham 035B,,542903,181059,51.5104,0.057885,01e307a9-a97c-44cf-9c1d-7fee0fb4a2c7,5126.449472,520039.3881,5126.449472,0.057885,65,33.43052117,0.03,0.97,32.985,39.9,8693,3,28.627,8693,3,0.157,9860,4,0.108,11301,4,19.381,14157,5,0.321,11323,4,-0.316,21272,7,1345002.013,7803.264113
3326,E01003485,Newham 035C,,542352,181536,51.5148,0.050143,901cbe14-1b4a-4250-bb91-8f034c96b6a3,3145.559565,151102.5005,3145.559565,0.050143,43,203.8573455,0.31,0.69,21.845,39.9,11327,4,24.091,11327,4,0.129,12691,4,0.068,19254,6,14.777,17529,6,-0.102,17606,6,0.706,6449,2,393423.8058,5075.304742
3350,E01003513,Newham 035D,,541939,181383,51.5135,0.044134,618e6517-702b-4860-a1df-d05d06079504,3846.290584,357718.1535,3846.290584,0.044134,56,26.76000647,0.02,0.98,28.49,39.9,12640,4,22.174,12640,4,0.111,14743,5,0.06,21471,7,11.716,20218,7,-0.362,21616,7,0.412,10270,4,914251.3965,5900.008647
3348,E01003511,Newham 036A,,540263,181466,51.5147,0.02003,6e460906-cb2e-4cae-9ba7-d09c38909208,1761.598314,91744.28558,1761.598314,0.02003,4.3,346.7413771,0.54,0.46,2.38,48.1,5790,2,35.284,5790,2,0.198,6778,3,0.107,11500,4,26.675,9988,4,0.641,7492,3,0.916,4251,2,235393.9278,2642.541736
3349,E01003512,Newham 036B,,541060,181376,51.5137,0.031472,947436bc-c85d-4e5a-942d-a14a88d0cbf2,3407.782888,129007.5339,3407.782888,0.031472,65,85.13922018,0.11,0.89,32.945,48.1,5783,2,35.298,5783,2,0.201,6628,3,0.123,9316,3,24.936,10865,4,0.348,11005,4,0.948,3947,2,336252.4496,5060.172717
3351,E01003514,Newham 036C,,541514,181242,51.5124,0.037957,a81fa2be-74da-45a2-8997-0af1380996a2,2865.861702,177852.4584,2865.861702,0.037957,7,319.5701011,0.5,0.5,3.75,48.1,5315,2,36.673,5315,2,0.198,6791,3,0.155,6159,2,24.058,11314,4,0.59,8064,3,0.314,11721,4,456136.0886,4330.975838
3352,E01003515,Newham 036D,,541249,180905,51.5094,0.034006,2a2886cf-d7bd-4295-a82f-363e25684f57,6195.620921,745939.0429,6195.620922,0.034006,44,122.2917246,0.17,0.83,22.415,48.1,2533,1,47.7,2533,1,0.284,2747,1,0.169,5066,2,25.337,10653,4,0.833,5600,2,1.678,614,1,1921364.81,9493.943026
3354,E01003517,Newham 036E,,540702,181629,51.5161,0.026417,800a3b8b-e30b-438e-9937-bedf56188a03,3713.241066,274535.2849,3713.241066,0.026417,71,40.73558642,0.04,0.96,35.98,48.1,2706,1,46.731,2706,1,0.284,2728,1,0.17,5000,2,20.305,13598,5,1.202,2857,1,1.269,1885,1,709043.8418,5635.90459
32252,E01034213,Newham 038A,,537786,185247,51.5493,-0.01417,8de54aaf-961d-445f-a845-b9706caa0328,2959.76643,298984.2405,2959.76643,-0.01417,10,416.9306746,0.66,0.34,5.17,68.3,9402,3,27.315,9402,3,,,,,,,,,,,,,,,,,
32253,E01034214,Newham 038B,,538086,185070,51.5476,-0.00991,066c3bc3-594f-48e3-a2fd-73ba58c942db,1175.335566,35287.99641,1175.335566,-0.00991,33,169.5775985,0.25,0.75,16.875,68.3,9402,3,27.315,9402,3,,,,,,,,,,,,,,,,,
32254,E01034215,Newham 038C,,538244,185039,51.5473,-0.00765,5d65417e-b4a4-4ceb-820c-111d3d1acf3a,1197.600001,37393.20223,1197.600001,-0.00765,100,60.04734276,0.07,0.93,50.465,68.3,9402,3,27.315,9402,3,,,,,,,,,,,,,,,,,
32255,E01034216,Newham 038D,,538370,184909,51.5461,-0.00588,295e0c8a-b354-4474-bb2f-ba1345b763f8,1608.550013,63381.43131,1608.550013,-0.00588,81,153.6590168,0.23,0.77,40.885,68.3,9402,3,27.315,9402,3,,,,,,,,,,,,,,,,,
32256,E01034217,Newham 038E,,537941,184700,51.5443,-0.01215,e2c152b7-7c20-4857-94e4-ec723993512c,3382.746586,289182.8606,3382.746586,-0.01215,35,236.7901026,0.36,0.64,17.82,68.3,9402,3,27.315,9402,3,,,,,,,,,,,,,,,,,
3446,E01003615,Newham 039A,,538925,185401,51.5504,0.002312,51dbd3bc-8d36-43bc-9759-4784273612bc,2064.56955,107997.1016,2064.56955,0.002312,40,151.8443737,0.22,0.78,20.39,66.2,9394,3,27.328,9394,3,0.165,9222,3,0.093,13828,5,12.309,19654,6,0.196,13118,4,0.125,14728,5,277834.7962,3091.512265
32257,E01034218,Newham 039B,,538294,185297,51.5496,-0.00682,ad9b6cd4-4326-4877-987c-a28b1d8711c2,4150.081312,206642.7347,4150.081312,-0.00682,74,107.6163275,0.15,0.85,37.425,66.2,9402,3,27.315,9402,3,,,,,,,,,,,,,,,,,
32258,E01034219,Newham 039C,,538631,184823,51.5453,-0.00215,d1684455-26ce-46e0-875b-c69e4ab18848,2611.052915,161880.4944,2611.052915,-0.00215,84,135.2251878,0.2,0.8,42.4,66.2,9402,3,27.315,9402,3,,,,,,,,,,,,,,,,,
32259,E01034220,Newham 039D,,538390,184501,51.5424,-0.00575,bb77ce84-dd81-4c71-b6c1-6d7627e56d9d,4251.109643,338280.6751,4251.109643,-0.00575,74,132.7580935,0.19,0.81,37.405,66.2,9402,3,27.315,9402,3,,,,,,,,,,,,,,,,,
32260,E01034221,Newham 039E,,538379,184026,51.5382,-0.0061,e907d513-591a-4743-be41-975a19c7562c,2287.755158,146415.155,2287.755158,-0.0061,82,56.83325333,0.07,0.93,41.465,66.2,9402,3,27.315,9402,3,,,,,,,,,,,,,,,,,
32261,E01034222,Newham 040A,,537952,183980,51.5379,-0.01227,2dc21b9d-32a2-4287-a6a9-f9fc5e40c49c,3598.900084,507018.183,3598.900084,-0.01227,50,147.0490013,0.21,0.79,25.395,70.8,9454,3,27.216,9454,3,,,,,,,,,,,,,,,,,
32262,E01034223,Newham 040B,,538393,183640,51.5347,-0.00605,8f8b4354-b23c-4596-b2ed-9a53bfaad4c5,1564.560629,60628.66019,1564.560629,-0.00605,98,34.4772676,0.03,0.97,49.485,70.8,9454,3,27.216,9454,3,,,,,,,,,,,,,,,,,
31669,E01033579,Newham 040C,,537880,183346,51.5322,-0.01355,87219046-438d-4e06-824e-c239bb645b9a,3995.373558,440232.4489,3995.373558,-0.01355,26,250.4748291,0.38,0.62,13.31,70.8,13477,5,21.114,13477,5,0.054,25166,8,0.026,31476,10,7.245,24759,8,-0.067,17038,6,0.334,11431,4,1142587.552,6248.0119
31674,E01033586,Newham 040D,,538630,183273,51.5313,-0.00278,ee768a2e-5d45-42a1-81fb-72c0b72372e0,4050.026863,751365.3644,4050.026863,-0.00278,8.8,490.2765133,0.78,0.22,4.51,70.8,6075,2,34.463,6075,2,0.201,6605,3,0.097,13057,4,11.565,20363,7,0.126,14088,5,0.343,11274,4,1818125.853,9781.42086
31671,E01033581,Newham 041A,,543164,180295,51.5035,0.061334,cc63c4e7-42f1-47d8-854a-0282bcaf2e21,8170.43554,1313018.582,8170.43554,0.061334,32,259.9179849,0.4,0.6,16.3,48.8,5906,2,34.941,5906,2,0.195,7001,3,0.117,9999,4,14.175,18007,6,0.5,9092,3,0.99,3605,2,3383851.601,12568.73278
31672,E01033582,Newham 041B,,543829,179993,51.5006,0.070785,a8b36e3c-9254-4d4b-a0fc-378fdb432db4,4217.685611,569190.7431,4217.685611,0.070785,16,201.9759416,0.3,0.7,8.35,48.8,19333,6,14.606,19333,6,0.039,28743,9,0.019,32314,10,6.795,25258,8,-0.641,25223,8,0.076,15486,5,435392.7421,5373.757559
3445,E01003611,Newham 041C,,543253,179952,51.5004,0.062476,26acc73e-f492-4b32-9dfe-51bc60a0f330,2146.532846,149940.536,2146.532846,0.062476,96,36.70159397,0.03,0.97,48.485,48.8,7348,3,31.396,7348,3,0.249,4096,2,0.134,8080,3,18.53,14751,5,0.221,12760,4,-0.444,23042,8,381915.8109,3249.37934
32263,E01034224,Newham 041D,,542100,180035,51.5014,0.045909,c4f194a6-07dd-4c9a-93aa-5fec5d54b9de,6188.586506,956212.0274,6188.586506,0.045909,31,251.2315252,0.39,0.61,15.805,48.8,12030,4,23.035,12030,4,,,,,,,,,,,,,,,,,
31670,E01033580,Newham 042A,,540729,180295,51.5041,0.026274,839b3938-f45e-4344-a36c-eece25f5db95,2868.930709,84007.97854,2868.930709,0.026274,17,186.2453772,0.28,0.72,8.86,60.1,25889,8,8.919,25889,8,0.03,30743,10,0.019,32354,10,5.015,27280,9,-0.364,21654,7,-0.39,22315,7,223280.5767,4382.771969
32264,E01034225,Newham 042B,,541442,180222,51.5032,0.036511,fea816d5-53b8-484f-9aeb-0fb6410998e2,4324.928562,439124.5717,4324.928562,0.036511,55,134.998993,0.19,0.81,27.905,60.1,12030,4,23.035,12030,4,,,,,,,,,,,,,,,,,
32265,E01034226,Newham 042C,,541453,180028,51.5015,0.036591,308d4f88-1ecc-4368-be14-40c73b6a370b,1112.782089,38785.22987,1112.782089,0.036591,55,145.9216355,0.21,0.79,27.895,60.1,12030,4,23.035,12030,4,,,,,,,,,,,,,,,,,
32266,E01034227,Newham 042D,,540832,180017,51.5015,0.027646,5063ad7e-90b4-4d4a-98e1-a916758f3f2d,1090.987101,45771.19984,1090.987101,0.027646,98,76.62068533,0.1,0.9,49.45,60.1,15262,5,18.966,15262,5,,,,,,,,,,,,,,,,,
32267,E01034228,Newham 042E,,541142,179944,51.5008,0.03208,7e4dc8e0-7d4d-4906-8653-7cdc25df52e1,1366.897241,64095.44552,1366.897241,0.03208,25,190.1577502,0.29,0.71,12.855,60.1,15262,5,18.966,15262,5,,,,,,,,,,,,,,,,,
32268,E01034229,Newham 042F,,540348,180091,51.5023,0.020707,7213b852-7ae5-4095-b697-902ba47401ac,4557.658246,773634.6402,4557.658246,0.020707,13,285.6184678,0.44,0.56,6.78,60.1,15262,5,18.966,15262,5,,,,,,,,,,,,,,,,,
32269,E01034230,Newham 042G,,540782,179864,51.5002,0.026865,13d4c8c9-46de-4859-8105-7478feabdad0,1077.906144,42165.54365,1077.906144,0.026865,96,51.0460473,0.06,0.94,48.47,60.1,15262,5,18.966,15262,5,,,,,,,,,,,,,,,,,
32270,E01034231,Newham 042H,,541278,179820,51.4997,0.033988,bb250f94-974c-40e5-933a-399d7f9936e4,2667.099311,317128.0361,2667.099311,0.033988,7.8,398.0679911,0.63,0.37,4.085,60.1,15262,5,18.966,15262,5,,,,,,,,,,,,,,,,,
