FID,LSOA21CD,LSOA21NM,LSOA21NMW,BNG_E,BNG_N,LAT,LONG,GlobalID,LSOA21CD_1,RUC21CD,RUC21NM,Urban_rura,Shape_Leng,Shape__Are,Shape__Len,GlobalID_2,NormIMD,Tran_Dis,Tran_Dist,Form3_LSOA name (2011),Form3_Local Authority District name (2019),Form3_No Car or vans in household(%)
"3329",E01003488,Newham 019A,,"541709","183657",51.533999999999999,0.041735000000000,38b0cecb-efc9-40e6-a2fe-596ae596f7b8,E01003488,UN1,Urban: Nearer to a major town or city,Urban,2231.035640590000185,130102.755851745605469,2231.035640592134314,214b2ffd-c8ed-4e5c-a4e6-ec148099474b,0.82,0.00,1.00,Newham 019A,Newham,52
"3330",E01003489,Newham 019B,,"541447","183584",51.533499999999997,0.037931000000000,2d5fdbe5-3180-4339-b378-1d149c0cc330,E01003489,UN1,Urban: Nearer to a major town or city,Urban,1671.189108329999954,122658.613113403320312,1671.189108331358057,76b0bd98-d05c-4517-81d5-b9b5a0024d00,0.66,0.00,0.00,Newham 019B,Newham,52
"3332",E01003491,Newham 022A,,"541240","183621",51.533799999999999,0.034964000000000,01d15f4e-0143-4f90-b761-843ebff331f4,E01003491,UN1,Urban: Nearer to a major town or city,Urban,1871.747978269999976,103578.440383911132812,1871.747978274560182,99396643-d96c-483f-ad6c-37af48788532,0.53,0.00,0.00,Newham 022A,Newham,52.7
"3403",E01003566,Newham 014D,,"541316","183997",51.537199999999999,0.036209000000000,c35a7ce5-2cbb-4122-a324-e2880a80a97b,E01003566,UN1,Urban: Nearer to a major town or city,Urban,1672.800097719999940,97230.331901550292969,1672.800097721253906,32ffc6e1-6919-418e-86f6-5d4238182c8b,0.55,0.00,0.00,Newham 014D,Newham,48.3
"3406",E01003569,Newham 017B,,"541044","183980",51.537100000000002,0.032283000000000,d044b13d-20e7-4586-95fa-ed7dd5f08fab,E01003569,UN1,Urban: Nearer to a major town or city,Urban,1642.686383680000063,104757.970443725585938,1642.686383679686287,7ec360c6-b97f-4418-9461-3b693b022117,0.48,0.00,0.00,Newham 017B,Newham,47.2
"3442",E01003605,Newham 028C,,"541278","183062",51.528799999999997,0.035287000000000,1539a9c5-450e-43b9-b92b-3f98367325fd,E01003605,UN1,Urban: Nearer to a major town or city,Urban,2155.784567510000215,106143.016868591308594,2155.784567509164390,8008420a-d147-49c2-a86b-87953a5cc6b5,0.53,0.00,0.00,Newham 028C,Newham,47.1
"32240",E01034201,Newham 022E,,"541031","183220",51.530299999999997,0.031792000000000,e6142eb9-869e-4f60-abaf-6887b9ac602d,E01034201,UN1,Urban: Nearer to a major town or city,Urban,1835.185496800000010,70129.084083557128906,1835.185496800339934,8c2745bc-8fba-4280-81ae-904d66c8d2c0,,,,Newham 022E,Newham,52.7
"32242",E01034203,Newham 025E,,"541612","183341",51.531199999999998,0.040211000000000,aa503ab2-7461-4b00-ab21-49311656ea59,E01034203,UN1,Urban: Nearer to a major town or city,Urban,1319.036024320000024,47395.577003479003906,1319.036024319041644,35876e48-2cd3-43ac-89c2-8ab7f582efe0,,,,Newham 025E,Newham,41.9
"3333",E01003492,Newham 025A,,"541747","183067",51.528700000000001,0.042045000000000,be399d8c-645a-428d-a0f2-8c84df951e57,E01003492,UN1,Urban: Nearer to a major town or city,Urban,1961.647500459999947,94042.062957763671875,1961.647500458917193,b19d01cb-662a-4724-8970-1bb3ad68b039,0.41,0.00,0.00,Newham 025A,Newham,41.9
"3405",E01003568,Newham 017A,,"540862","183816",51.535699999999999,0.029595000000000,ccfc64fc-7534-46d8-aae8-e9385ed21849,E01003568,UN1,Urban: Nearer to a major town or city,Urban,1608.013804519999894,109774.634887695312500,1608.013804524610350,ef5d572e-099d-4801-a29f-84ad7fd4e9e8,0.39,0.00,0.00,Newham 017A,Newham,47.2
"3436",E01003599,Newham 022C,,"541005","183475",51.532600000000002,0.031519000000000,5c5f341c-ceaf-464e-bbe2-2e2b7405943a,E01003599,UN1,Urban: Nearer to a major town or city,Urban,2005.001421819999905,133974.630004882812500,2005.001421818546532,954d1cf5-407c-498b-bbc9-a861dfddd40f,0.57,0.00,1.00,Newham 022C,Newham,52.7
"3334",E01003494,Newham 025C,,"541699","182800",51.526299999999999,0.041247000000000,dd991fa8-7dc4-4567-a6b9-a319c1bf60d1,E01003494,UN1,Urban: Nearer to a major town or city,Urban,2054.601270719999775,105741.898422241210938,2054.601270716030740,4f39606b-ef4b-46a2-a443-dd7120e44541,0.32,0.00,0.00,Newham 025C,Newham,41.9
"3335",E01003495,Newham 025D,,"542018","182841",51.526600000000002,0.045858000000000,71d80515-2133-4190-8a81-378233102d50,E01003495,UN1,Urban: Nearer to a major town or city,Urban,1681.731201809999902,118728.242652893066406,1681.731201807007437,1fc71bf4-6ac3-4090-9088-3fa0735173bd,0.23,0.00,0.00,Newham 025D,Newham,41.9
"3364",E01003527,Newham 024B,,"542432","183056",51.528500000000001,0.051909000000000,56e06971-859b-4b47-a9ac-7c8ea616d8fe,E01003527,UN1,Urban: Nearer to a major town or city,Urban,1870.494850080000106,164340.782432556152344,1870.494850081977575,90a238a6-d104-4a59-b6c9-87d7f15ffff8,0.28,1.00,0.00,Newham 024B,Newham,41.9
"3374",E01003537,Newham 024C,,"542461","182728",51.525500000000001,0.052194000000000,3fa0cc11-4414-4bb6-9b9f-46cf68ffe1fc,E01003537,UN1,Urban: Nearer to a major town or city,Urban,2650.136319379999804,193919.296562194795115,2650.136319381923386,0eb6b7b7-07e2-4854-b4e0-47cbb4d3d3f6,0.42,1.00,0.00,Newham 024C,Newham,41.9
"3376",E01003539,Newham 029B,,"541831","182379",51.522500000000001,0.042979000000000,efec0c32-bc11-490a-b529-615b7104c655,E01003539,UN1,Urban: Nearer to a major town or city,Urban,3092.573014059999878,248369.404869079589844,3092.573014063815663,9b46d6ec-836a-40b3-9466-fa0ceb57b657,0.47,0.00,0.00,Newham 029B,Newham,40.6
"32243",E01034204,Newham 025F,,"541941","183202",51.529899999999998,0.044894000000000,609916f3-3eed-490f-b226-98864b719fcf,E01034204,UN1,Urban: Nearer to a major town or city,Urban,1466.983303279999973,93534.629386901840917,1466.983303275455228,1e8d1328-116f-46cf-8895-dfa95cd258dc,,,,Newham 025F,Newham,41.9
"3336",E01003496,Newham 027A,,"539439","182881",51.527600000000000,0.008723000000000,be225b8c-7eee-486c-b5d8-c110003078a9,E01003496,UN1,Urban: Nearer to a major town or city,Urban,1895.383321880000040,189437.641914367675781,1895.383321875910724,60ea8472-933c-4ca4-bb1b-3daa3c46d900,0.50,0.00,0.00,Newham 027A,Newham,54.5
"3338",E01003498,Newham 027B,,"539913","182682",51.525700000000001,0.015472000000000,e452dd50-d05d-4836-9bb9-55ff72aa423e,E01003498,UN1,Urban: Nearer to a major town or city,Urban,3222.218105989999913,233096.328720092744334,3222.218105993221343,06f66d5e-7e60-448f-8de2-14405c2aa76a,0.62,0.00,0.00,Newham 027B,Newham,54.5
"3340",E01003500,Newham 027C,,"539039","182529",51.524600000000000,0.002821000000000,ceed940e-0235-43be-9f78-70df3b15176b,E01003500,UN1,Urban: Nearer to a major town or city,Urban,5801.504342449999967,741747.092254638788290,5801.504342446005467,8bfb5ab0-7f7c-4ebf-89c8-49de3c80aa83,0.65,0.00,0.00,Newham 027C,Newham,54.5
"3430",E01003593,Newham 027D,,"539917","183105",51.529499999999999,0.015697000000000,78cb3e1b-e062-40b0-b3e2-56dcfac67a74,E01003593,UN1,Urban: Nearer to a major town or city,Urban,1425.846510459999990,108849.651931762680761,1425.846510461310572,acacf367-4fab-464a-a8b7-0ae9f113fcf4,0.61,0.00,0.00,Newham 027D,Newham,54.5
"3460",E01003631,Newham 020A,,"539338","183215",51.530700000000003,0.007400000000000,00a58efb-bc56-4593-a890-142a3fa97be0,E01003631,UN1,Urban: Nearer to a major town or city,Urban,2302.268563000000086,165621.417396545410156,2302.268562996168384,4b34a025-91a6-4efc-89eb-8409b8565ff5,0.47,0.00,0.00,Newham 020A,Newham,53
"3461",E01003632,Newham 020B,,"539688","183337",51.531700000000001,0.012490000000000,12162e5c-a629-4d93-b5d6-efc8676357e3,E01003632,UN1,Urban: Nearer to a major town or city,Urban,1965.293203219999896,136922.891090393066406,1965.293203218256167,6fa3e84d-716e-4372-94fd-8abae88efc7b,0.31,0.00,0.00,Newham 020B,Newham,53
"3344",E01003506,Newham 034D,,"540406","181014",51.510599999999997,0.021910000000000,8fc1e332-1080-4f6f-b942-5f5bc1836947,E01003506,UN1,Urban: Nearer to a major town or city,Urban,1700.261999909999759,106292.641082763671875,1700.261999912857391,b403df80-f628-48b3-ad41-0f97018b902b,0.94,0.00,0.00,Newham 034D,Newham,63.1
"3352",E01003515,Newham 036D,,"541249","180905",51.509399999999999,0.034006000000000,2a2886cf-d7bd-4295-a82f-363e25684f57,E01003515,UN1,Urban: Nearer to a major town or city,Urban,6195.620921499999895,745939.042930603027344,6195.620921503136742,b8a76c10-4e5c-4885-b8b2-ecc588ac6bc5,1.00,0.00,0.00,Newham 036D,Newham,48.1
"3354",E01003517,Newham 036E,,"540702","181629",51.516100000000002,0.026417000000000,800a3b8b-e30b-438e-9937-bedf56188a03,E01003517,UN1,Urban: Nearer to a major town or city,Urban,3713.241066059999866,274535.284873962402344,3713.241066057432363,1057ff75-47e9-402e-9e1b-c3deb4d98809,0.97,0.00,0.00,Newham 036E,Newham,48.1
"31673",E01033584,Newham 034I,,"540063","181147",51.511899999999997,0.017023000000000,d3b6adff-bf75-4c06-a426-f91feb713a69,E01033584,UN1,Urban: Nearer to a major town or city,Urban,2558.205231829999775,150662.107421875000000,2558.205231829991590,0108a325-fd89-4690-84ad-249593195d6c,0.84,0.00,0.00,Newham 034I,Newham,63.1
"32249",E01034210,Newham 034L,,"539891","180958",51.510199999999998,0.014471000000000,56aac99c-d690-4b70-8010-d5052a730881,E01034210,UN1,Urban: Nearer to a major town or city,Urban,2083.349438950000149,97068.443061828613281,2083.349438946969713,48b4db04-c7d0-4a7a-9749-e511b885c493,,,,Newham 034L,Newham,63.1
"32251",E01034212,Newham 034N,,"540285","180688",51.507700000000000,0.020037000000000,fdbff5a5-8d0a-4cf8-afb5-981f5659f9cb,E01034212,UN1,Urban: Nearer to a major town or city,Urban,2603.173773540000184,288258.528137207031250,2603.173773539837839,861af7ed-d273-4b57-882e-0bb26ba857a6,,,,Newham 034N,Newham,63.1
"3341",E01003501,Newham 030B,,"539873","182282",51.522100000000002,0.014737000000000,566adb54-0e67-47f9-baa8-9d25805cb98d,E01003501,UN1,Urban: Nearer to a major town or city,Urban,2752.782171910000216,158394.866096496582031,2752.782171913795082,cd1b44ef-d677-41fc-a196-ffa9e41e9fde,0.70,0.00,0.00,Newham 030B,Newham,58.7
"3345",E01003507,Newham 031A,,"540551","182118",51.520499999999998,0.024438000000000,c0ffff66-48f9-4806-b4d3-cad532124a34,E01003507,UN1,Urban: Nearer to a major town or city,Urban,2430.314866270000039,142061.239929199218750,2430.314866272500694,015e40e2-88c7-4885-b243-ad6c150db3f0,0.65,0.00,0.00,Newham 031A,Newham,53.3
"3346",E01003508,Newham 031B,,"540242","181711",51.516900000000000,0.019825000000000,0440a7a3-24af-4633-9e81-845f3e8c630b,E01003508,UN1,Urban: Nearer to a major town or city,Urban,2768.653138180000042,130822.987228393554688,2768.653138175732693,943e4622-c6d8-4000-856d-53d177418b1e,0.72,0.00,0.00,Newham 031B,Newham,53.3
"3347",E01003509,Newham 031C,,"540404","181943",51.518999999999998,0.022251000000000,4ac9e4d6-982b-4c2f-95f0-ecf9fd74a1a1,E01003509,UN1,Urban: Nearer to a major town or city,Urban,1528.849842710000075,104258.634574890136719,1528.849842709474387,9302ed5b-3687-43e1-8f1c-91ce6021e029,0.68,0.00,0.00,Newham 031C,Newham,53.3
"3348",E01003511,Newham 036A,,"540263","181466",51.514699999999998,0.020030000000000,6e460906-cb2e-4cae-9ba7-d09c38909208,E01003511,UN1,Urban: Nearer to a major town or city,Urban,1761.598314329999766,91744.285583496108302,1761.598314330172116,e6c80b88-420b-4b92-84cd-58fb893d0c22,0.68,0.00,1.00,Newham 036A,Newham,48.1
"32247",E01034208,Newham 034J,,"539829","181423",51.514400000000002,0.013763000000000,1f016b59-25bf-4708-99e2-b1fe8e3a88bd,E01034208,UN1,Urban: Nearer to a major town or city,Urban,2245.030162080000082,149959.894470214843750,2245.030162075347107,b4f29b5f-10bd-495e-8c16-1c49de935ce8,,,,Newham 034J,Newham,63.1
"3349",E01003512,Newham 036B,,"541060","181376",51.513700000000000,0.031472000000000,947436bc-c85d-4e5a-942d-a14a88d0cbf2,E01003512,UN1,Urban: Nearer to a major town or city,Urban,3407.782888480000111,129007.533859252929688,3407.782888484356135,1f5a6148-82c7-467a-b130-cd2227b7fa21,0.68,0.00,0.00,Newham 036B,Newham,48.1
"3351",E01003514,Newham 036C,,"541514","181242",51.512400000000000,0.037957000000000,a81fa2be-74da-45a2-8997-0af1380996a2,E01003514,UN1,Urban: Nearer to a major town or city,Urban,2865.861701979999907,177852.458374023437500,2865.861701977628854,2dbe992e-6a1e-418c-be95-0720d568dfbe,0.71,0.00,1.00,Newham 036C,Newham,48.1
"3353",E01003516,Newham 032C,,"541339","181704",51.516599999999997,0.035622000000000,a4ecf1b3-4c8d-41c4-be68-6d50f770cb23,E01003516,UN1,Urban: Nearer to a major town or city,Urban,2508.148677029999817,134899.757431030273438,2508.148677028598286,d26f0b5e-691a-4718-9220-ed43d88e2912,0.80,0.00,0.00,Newham 032C,Newham,39.6
"3355",E01003518,Newham 032D,,"541604","181531",51.515000000000001,0.039369000000000,bcfb09e6-45ca-47b1-abb3-ca322e3daca0,E01003518,UN1,Urban: Nearer to a major town or city,Urban,2768.300413240000125,180621.098381042480469,2768.300413241525803,2132c12b-7000-4dd6-8f4d-e4a9389fc262,0.35,0.00,0.00,Newham 032D,Newham,39.6
"3356",E01003519,Newham 032E,,"541249","181495",51.514699999999998,0.034242000000000,eeba4e91-2fc3-45f2-8b8d-721cb697e918,E01003519,UN1,Urban: Nearer to a major town or city,Urban,1333.974876100000074,62241.234321594238281,1333.974876095852778,4a5f40f8-dc33-4e38-b6f5-02d638b50b55,0.53,0.00,0.00,Newham 032E,Newham,39.6
"3331",E01003490,Newham 019C,,"541886","183488",51.532499999999999,0.044217000000000,233c0330-5f24-43aa-b485-02583ca87179,E01003490,UN1,Urban: Nearer to a major town or city,Urban,2092.727150019999954,100644.367897033691406,2092.727150017272834,0b74ea16-92ec-48a8-96e5-038a1befbc80,0.57,0.00,1.00,Newham 019C,Newham,52
"3357",E01003520,Newham 018A,,"542150","184069",51.537599999999998,0.048255000000000,34619c5f-2560-4577-a9a9-08d8c8b1e6fe,E01003520,UN1,Urban: Nearer to a major town or city,Urban,2441.052701860000070,130230.620353698730469,2441.052701859920035,ce9ca3eb-947a-41ac-bcaf-f21e36762a57,0.46,0.00,0.00,Newham 018A,Newham,51
"3358",E01003521,Newham 018B,,"542572","183804",51.535100000000000,0.054228000000000,3dc86957-72a5-4ad6-9357-fd58fcf6dfa1,E01003521,UN1,Urban: Nearer to a major town or city,Urban,2207.138077340000109,136301.082344055175781,2207.138077336313927,d66ff8b7-7144-4591-82e9-360496fbcef9,0.50,0.00,0.00,Newham 018B,Newham,51
"3359",E01003522,Newham 018C,,"542194","183847",51.535600000000002,0.048799000000000,a49ea6bd-bd30-4b61-a1ae-4f787fa044db,E01003522,UN1,Urban: Nearer to a major town or city,Urban,1321.228794639999933,78206.318344116210938,1321.228794637599322,b2890606-2133-4660-84c4-a2b46a7ecc3a,0.58,0.00,0.00,Newham 018C,Newham,51
"3361",E01003524,Newham 019D,,"542046","183617",51.533600000000000,0.046574000000000,93b53e4c-8af2-455e-b638-8902b8d55002,E01003524,UN1,Urban: Nearer to a major town or city,Urban,1728.325196479999931,88078.383178710937500,1728.325196484730895,060daa81-dc96-42d7-bbcf-73c12405b688,0.51,0.00,0.00,Newham 019D,Newham,52
"3362",E01003525,Newham 018D,,"542343","183605",51.533400000000000,0.050849000000000,55da863c-be9c-4540-9269-e061c13be263,E01003525,UN1,Urban: Nearer to a major town or city,Urban,2312.062608480000108,129160.348594665527344,2312.062608483649001,70711478-8da8-4513-9be1-79610ae346c2,0.56,0.00,0.00,Newham 018D,Newham,51
"3363",E01003526,Newham 018E,,"542440","183342",51.530999999999999,0.052140000000000,bab6e75f-95c2-4746-89da-54a6d70f9aca,E01003526,UN1,Urban: Nearer to a major town or city,Urban,2091.463336369999979,107078.694389343261719,2091.463336369576609,bd8a7869-c5ed-4455-b800-174207bfc68c,0.54,0.00,0.00,Newham 018E,Newham,51
"3360",E01003523,Newham 024A,,"542718","183164",51.529400000000003,0.056073000000000,f392b6fe-68f4-492c-977f-459db106825e,E01003523,UN1,Urban: Nearer to a major town or city,Urban,2776.292390420000174,205482.593406677246094,2776.292390424037421,30f9a0ab-8c50-4dfb-927b-926594019b5e,0.58,0.00,0.00,Newham 024A,Newham,41.9
"3379",E01003542,Newham 024D,,"542955","182907",51.527000000000001,0.059383000000000,9dada3ff-cd1c-4a20-ad30-05bd18e6ec86,E01003542,UN1,Urban: Nearer to a major town or city,Urban,2538.004715430000033,134232.768577575683594,2538.004715432985449,9e3b58bf-bfdd-4b08-ae25-04a1d8955651,0.61,0.00,0.00,Newham 024D,Newham,41.9
"3365",E01003528,Newham 005A,,"542962","184844",51.544400000000003,0.060269000000000,4e5cd327-9295-4026-84c7-1aeeaf70aecf,E01003528,UN1,Urban: Nearer to a major town or city,Urban,1965.712803489999942,79663.282897949218750,1965.712803489265298,aeed9571-ea5c-4bee-a640-1094b49016cc,0.55,0.00,0.00,Newham 005A,Newham,44.9
"3366",E01003529,Newham 010A,,"542389","184738",51.543599999999998,0.051969000000000,14922776-c369-40be-bff7-746a64787f4b,E01003529,UN1,Urban: Nearer to a major town or city,Urban,2070.172669009999936,117871.145088195800781,2070.172669011999460,8e1e424c-30b4-41ca-b230-82b58e52aa10,0.37,0.00,0.00,Newham 010A,Newham,43.6
"3367",E01003530,Newham 010B,,"542756","184705",51.543199999999999,0.057244000000000,72baffb8-0cca-457f-952c-48f8611f9c6d,E01003530,UN1,Urban: Nearer to a major town or city,Urban,1615.823317379999935,120731.165359497070312,1615.823317383478980,853e3885-201a-4461-a24a-b8f972c9541f,0.33,0.00,0.00,Newham 010B,Newham,43.6
"3369",E01003532,Newham 010D,,"542506","184504",51.541499999999999,0.053560000000000,648e0129-436c-4231-a9a4-92dc7b45d9db,E01003532,UN1,Urban: Nearer to a major town or city,Urban,1746.925608660000080,111865.954452514648438,1746.925608663367939,41211f9c-9592-47f5-8d42-8414c122cd0f,0.42,0.00,0.00,Newham 010D,Newham,43.6
"3371",E01003534,Newham 010E,,"542433","185053",51.546399999999998,0.052730000000000,4a9aacf2-f8e4-475d-81aa-28b7fce7474e,E01003534,UN1,Urban: Nearer to a major town or city,Urban,1817.606304839999893,137215.338546752929688,1817.606304841596057,3d8808ec-2170-4ff3-b98d-64ccda7f9f29,0.42,0.00,0.00,Newham 010E,Newham,43.6
"3454",E01003625,Newham 015A,,"543141","184552",51.541699999999999,0.062730000000000,78839971-a2bc-47e5-b1c0-a57152cdeaae,E01003625,UN1,Urban: Nearer to a major town or city,Urban,3640.301712699999825,318912.892311096191406,3640.301712701279030,66f3c9f3-126f-4b23-a5f5-0410737b3645,0.51,0.00,1.00,Newham 015A,Newham,42.3
"3455",E01003626,Newham 015B,,"542883","184414",51.540599999999998,0.058957000000000,6ab54e70-1e33-4636-ba0b-df30e87d6c94,E01003626,UN1,Urban: Nearer to a major town or city,Urban,1617.975950900000043,102569.735649108886719,1617.975950895091728,d2ef0082-ac7b-48ca-8414-f2070156f80e,0.39,0.00,0.00,Newham 015B,Newham,42.3
"3368",E01003531,Newham 010C,,"542070","184413",51.540700000000001,0.047241000000000,c0882768-10c7-45af-bb93-d65624ff3fb2,E01003531,UN1,Urban: Nearer to a major town or city,Urban,2412.356331590000082,222401.034652709931834,2412.356331586372562,25491db0-7a31-4a60-83cd-b4481b5aecb6,0.52,0.00,0.00,Newham 010C,Newham,43.6
"3456",E01003627,Newham 015C,,"542891","184141",51.538100000000000,0.058961000000000,72bf218b-2198-4ce5-9633-cebf0f261a66,E01003627,UN1,Urban: Nearer to a major town or city,Urban,1673.364414619999934,76271.981742858872167,1673.364414618431965,7e539ab7-9d54-46e9-a645-97977d618793,0.50,1.00,1.00,Newham 015C,Newham,42.3
"3412",E01003575,Newham 005B,,"542792","185153",51.547199999999997,0.057945000000000,83ee8c77-d264-4ac1-83f3-741e57201a3a,E01003575,UN1,Urban: Nearer to a major town or city,Urban,2284.177570299999843,147304.519958496093750,2284.177570296352769,604ac64f-6837-4e84-b56d-ec05fde298a4,0.54,0.00,0.00,Newham 005B,Newham,44.9
"3416",E01003579,Newham 004A,,"542654","185397",51.549399999999999,0.056055000000000,16f830a0-1187-4975-bac4-911c3a816dac,E01003579,UN1,Urban: Nearer to a major town or city,Urban,1968.638220779999983,98302.289421081542969,1968.638220775259924,f2993794-c54e-4133-aa59-0040a201d958,0.50,0.00,0.00,Newham 004A,Newham,49.5
"3422",E01003585,Newham 004B,,"542396","185452",51.549999999999997,0.052359000000000,fcdada16-a317-4b27-9405-b9de987cc641,E01003585,UN1,Urban: Nearer to a major town or city,Urban,1580.553693040000098,72930.124916076660156,1580.553693037008543,31c6e857-bc41-4c8a-8def-fbce31c2b15d,0.49,0.00,0.00,Newham 004B,Newham,49.5
"3424",E01003587,Newham 004C,,"542073","185263",51.548400000000001,0.047627000000000,a2c52491-da2c-4ec2-910d-c41fc727dac4,E01003587,UN1,Urban: Nearer to a major town or city,Urban,3325.452334409999821,161177.650039672851562,3325.452334407673789,8354c0a6-ecdc-48f0-adc6-f923c0b93fca,0.49,0.00,0.00,Newham 004C,Newham,49.5
"3425",E01003588,Newham 011D,,"541794","184904",51.545200000000001,0.043461000000000,c6e0b592-b250-40b8-926c-52d0f925bca5,E01003588,UN1,Urban: Nearer to a major town or city,Urban,1762.341287049999892,74496.913948059067479,1762.341287049381435,5e06d427-5f73-46db-bb73-0d90e7e9ad73,0.52,0.00,0.00,Newham 011D,Newham,40.9
"3426",E01003589,Newham 011E,,"541975","184764",51.543900000000001,0.046013000000000,f06d9cee-ec5a-4fcb-ae4d-c57c8c315276,E01003589,UN1,Urban: Nearer to a major town or city,Urban,1620.094893859999956,137437.008094787597656,1620.094893855375403,2f037a78-6d2f-4dff-b81b-c13d6f93496c,0.46,0.00,0.00,Newham 011E,Newham,40.9
"3388",E01003551,Newham 009A,,"540065","184741",51.544199999999996,0.018480000000000,8d2a7ad6-6d56-42a5-b498-8915408e38f3,E01003551,UN1,Urban: Nearer to a major town or city,Urban,1717.306900490000089,95354.013122558593750,1717.306900492012574,80d4bad3-faa6-4e3d-ac9d-a3334ec4623a,0.67,0.00,0.00,Newham 009A,Newham,58.9
"3389",E01003552,Newham 016A,,"540201","184627",51.543100000000003,0.020394000000000,ae3a4f89-716e-4871-9178-ca10648e2c3b,E01003552,UN1,Urban: Nearer to a major town or city,Urban,1957.519893950000096,106435.435150146484375,1957.519893950882079,4f7f77d1-ab96-497f-a14e-92139ce21001,0.54,0.00,0.00,Newham 016A,Newham,47.7
"3390",E01003553,Newham 009B,,"539694","184821",51.545000000000002,0.013165000000000,be551d7d-c3b1-4e97-880e-dcce7bcbc766,E01003553,UN1,Urban: Nearer to a major town or city,Urban,1900.108169240000052,104076.376655578613281,1900.108169243565271,5d4fadf8-42ac-4a46-a6e2-01511cd5988f,0.69,0.00,0.00,Newham 009B,Newham,58.9
"3391",E01003554,Newham 009C,,"539810","184489",51.542000000000002,0.014705000000000,69335914-c265-4dc8-bfa0-c2e413e62fe9,E01003554,UN1,Urban: Nearer to a major town or city,Urban,1849.646390030000020,97792.539039611816406,1849.646390029055283,015e6d2d-b567-4fe5-a223-abe982be7b74,0.33,0.00,0.00,Newham 009C,Newham,58.9
"3394",E01003557,Newham 006D,,"539956","185060",51.547100000000000,0.017036000000000,a945d5c2-149f-4a46-b97b-ef2c55a73a88,E01003557,UN1,Urban: Nearer to a major town or city,Urban,2852.237500220000129,176312.036972045898438,2852.237500217344859,bdf6a345-2be9-438a-a85f-2b17dafcc5bf,0.72,0.00,0.00,Newham 006D,Newham,53.7
"3395",E01003558,Newham 008B,,"540432","184873",51.545299999999997,0.023821000000000,de6093cc-663b-4610-a8a8-84c635cf544c,E01003558,UN1,Urban: Nearer to a major town or city,Urban,2242.601807600000029,150344.892501831054688,2242.601807596623530,ffa90e62-ed12-4b4d-a16e-a960639404f7,0.76,0.00,0.00,Newham 008B,Newham,51.2
"3386",E01003549,Newham 006C,,"539569","185177",51.548200000000001,0.011505000000000,d1277b13-1267-4254-bac2-c420547ca945,E01003549,UN1,Urban: Nearer to a major town or city,Urban,2267.846897429999899,118320.659049987807521,2267.846897432954393,ede68839-2076-42e1-9451-8d743e2dab61,0.43,0.00,0.00,Newham 006C,Newham,53.7
"3396",E01003559,Newham 009D,,"539403","184822",51.545099999999998,0.008972000000000,0652f86a-563f-4c65-b4b7-2d83016840a9,E01003559,UN1,Urban: Nearer to a major town or city,Urban,2542.630518089999896,154925.457611083984375,2542.630518087144537,ff66650d-72a5-41b8-9089-727e0b903219,0.30,0.00,0.00,Newham 009D,Newham,58.9
"3448",E01003618,Newham 012C,,"539288","184464",51.541899999999998,0.007173000000000,792f5692-1451-472b-aaa5-129ceeb9f92a,E01003618,UN1,Urban: Nearer to a major town or city,Urban,2285.939581709999857,160469.114593505859375,2285.939581714307678,9cc2ba97-6832-4dd1-bedd-9a900ee69df2,0.46,0.00,0.00,Newham 012C,Newham,67
"3464",E01003635,Newham 016D,,"539940","184058",51.538100000000000,0.016407000000000,5e820211-32e2-4068-a15e-7ca774fb4ec2,E01003635,UN1,Urban: Nearer to a major town or city,Urban,3748.525576040000033,396524.889274597167969,3748.525576042594821,e0cbaaae-32c5-4006-a7f1-e3b97458a494,0.40,0.00,0.00,Newham 016D,Newham,47.7
"3465",E01003636,Newham 020E,,"539385","184010",51.537799999999997,0.008391000000000,0a787fd3-c0e0-4e1a-b002-03ec4624658a,E01003636,UN1,Urban: Nearer to a major town or city,Urban,2611.089084419999836,196109.323829650878906,2611.089084415045818,a100c091-ea08-4077-a9b7-4384c832430b,0.60,0.00,0.00,Newham 020E,Newham,53
"3397",E01003560,Newham 011B,,"541506","184826",51.544600000000003,0.039280000000000,eda7bbd6-6404-4f1f-86f8-311bde89f7c6,E01003560,UN1,Urban: Nearer to a major town or city,Urban,1258.543549029999895,79389.435340881347656,1258.543549026246410,d2c618d0-abfb-4afe-a006-b51ddb143b84,0.49,0.00,0.00,Newham 011B,Newham,40.9
"3398",E01003561,Newham 007C,,"541314","184910",51.545400000000001,0.036547000000000,83086a89-0b0e-460d-a8ab-b5aef563332d,E01003561,UN1,Urban: Nearer to a major town or city,Urban,2194.416271500000221,79551.923286437988281,2194.416271503757343,24b083e3-362c-4433-823e-1524312abdb2,0.38,0.00,0.00,Newham 007C,Newham,41.1
"3399",E01003562,Newham 014A,,"541271","184571",51.542400000000001,0.035791000000000,088a8714-b38f-42e8-a0f2-a33cafc0b1a8,E01003562,UN1,Urban: Nearer to a major town or city,Urban,1946.357483120000097,98370.331459045410156,1946.357483115381910,8a8a9b4a-92e5-49f8-a6e7-051299ef06ef,0.44,0.00,0.00,Newham 014A,Newham,41.1
"3400",E01003563,Newham 011C,,"541583","184562",51.542200000000001,0.040283000000000,ce7704c7-7a42-4df5-8d2e-e152e11d008a,E01003563,UN1,Urban: Nearer to a major town or city,Urban,1413.378817949999984,91063.650650024414062,1413.378817947626658,d7b6e544-4093-4dcf-a727-5edcec4ab06b,0.47,0.00,0.00,Newham 011C,Newham,40.9
"3423",E01003586,Newham 003C,,"541649","185146",51.547400000000003,0.041469000000000,8708ad30-d2c3-4dc7-807e-d71944fdce63,E01003586,UN1,Urban: Nearer to a major town or city,Urban,2054.965174380000008,149160.449157714843750,2054.965174383263729,9479af40-b020-447a-8265-e5aeb3f2b43c,0.54,0.00,0.00,Newham 003C,Newham,45.7
"3370",E01003533,Newham 011A,,"541735","184264",51.539499999999997,0.042354000000000,88548508-ee95-4fbf-a337-9dc854e19183,E01003533,UN1,Urban: Nearer to a major town or city,Urban,1946.087910590000092,114452.159980773925781,1946.087910594957748,0354ec34-d982-4f9f-af43-8b038d12d34e,0.48,0.00,0.00,Newham 011A,Newham,40.9
"3401",E01003564,Newham 014B,,"541277","184340",51.540300000000002,0.035785000000000,74d7b30d-b0f8-430a-83ad-5892e35ce667,E01003564,UN1,Urban: Nearer to a major town or city,Urban,1925.478241669999761,108723.587364196777344,1925.478241672156855,8d7248fe-94a1-4d2e-8e6f-1af2ab3d1adf,0.48,0.00,0.00,Newham 014B,Newham,48.3
"3402",E01003565,Newham 014C,,"541607","184076",51.537799999999997,0.040434000000000,ad01c6cc-e659-4dc6-881d-0a9ceab888a0,E01003565,UN1,Urban: Nearer to a major town or city,Urban,1316.243412860000035,90240.864501953125000,1316.243412863352887,bd027597-e86e-4557-82a4-4ff8b2fa1e33,0.42,0.00,0.00,Newham 014C,Newham,48.3
"3392",E01003555,Newham 007B,,"541054","185293",51.548900000000003,0.032953000000000,298c6b23-31f3-42d0-abcb-e29b4d033fbc,E01003555,UN1,Urban: Nearer to a major town or city,Urban,2161.662426639999921,168528.262489318847656,2161.662426641882121,b539db9e-6f4f-47ab-9b79-78339a2b35bf,0.43,0.00,0.00,Newham 007B,Newham,41.1
"3393",E01003556,Newham 008A,,"540576","185184",51.548000000000002,0.026020000000000,086cd3cd-60bd-4cc6-8158-f91d08248aa4,E01003556,UN1,Urban: Nearer to a major town or city,Urban,2115.949435510000058,138028.768836975097656,2115.949435510776311,6edacfbd-a067-4e0e-b33e-a03351de8448,0.86,0.00,0.00,Newham 008A,Newham,51.2
"3404",E01003567,Newham 007D,,"541122","184960",51.545900000000003,0.033800000000000,5106b813-e351-4f80-896b-ec23750ecc4e,E01003567,UN1,Urban: Nearer to a major town or city,Urban,1663.375086109999984,98159.679573059082031,1663.375086112078634,0033574b-bb8f-49a6-865d-77a21458cf75,0.60,0.00,0.00,Newham 007D,Newham,41.1
"3407",E01003570,Newham 008C,,"540807","184874",51.545200000000001,0.029226000000000,2508a3df-4aa3-4c37-83f6-cfe1293f6bdc,E01003570,UN1,Urban: Nearer to a major town or city,Urban,1818.724732579999909,102583.020652770996094,1818.724732581281387,b3b2c28f-a606-4b8b-972d-7e3951dd5a19,0.58,0.00,0.00,Newham 008C,Newham,51.2
"3408",E01003571,Newham 008D,,"540839","184672",51.543399999999998,0.029606000000000,703e5e8d-cb50-419e-a30b-ac76bc11dcca,E01003571,UN1,Urban: Nearer to a major town or city,Urban,1991.708032239999966,105063.866493225097656,1991.708032244303695,4b550e0c-47e1-4102-a086-07d4174cf376,0.49,0.00,0.00,Newham 008D,Newham,51.2
"3411",E01003574,Newham 017D,,"540584","184186",51.539099999999998,0.025737000000000,af0b43c0-cbbf-4baa-b7f0-df976c46a9e9,E01003574,UN1,Urban: Nearer to a major town or city,Urban,2635.604573810000602,189281.559257507324219,2635.604573806536337,cf8be3fb-329f-4f90-94c9-d75a9b3b9121,0.52,0.00,0.00,Newham 017D,Newham,47.2
"3429",E01003592,Newham 022B,,"540602","183403",51.531999999999996,0.025685000000000,4a083700-9fb1-40dc-b866-1ad9a4a0cb9c,E01003592,UN1,Urban: Nearer to a major town or city,Urban,2228.972335160000057,146191.579216003417969,2228.972335161539831,c80d3fe6-e9d7-4742-be19-82a773a7b571,0.66,0.00,0.00,Newham 022B,Newham,52.7
"3433",E01003596,Newham 016B,,"540174","183795",51.535699999999999,0.019674000000000,b21f1e68-b2bf-4bde-ae7b-d964237908e0,E01003596,UN1,Urban: Nearer to a major town or city,Urban,2620.810811849999936,111756.022972106933594,2620.810811851177277,0890506f-3cd6-47f4-b2f8-1ae57cd3238c,0.42,0.00,0.00,Newham 016B,Newham,47.7
"3434",E01003597,Newham 016C,,"540535","183731",51.534999999999997,0.024850000000000,778562db-4f0d-4026-b405-aff962e0d66d,E01003597,UN1,Urban: Nearer to a major town or city,Urban,1719.336136679999981,89695.704612731933594,1719.336136675274929,06e3c6d9-2269-4c75-b6a0-5b9bffbc29e0,0.43,0.00,0.00,Newham 016C,Newham,47.7
"3410",E01003573,Newham 017C,,"540979","184338",51.540300000000002,0.031490000000000,0c4f5589-0b37-49a0-8ec9-5b5d958ce6f9,E01003573,UN1,Urban: Nearer to a major town or city,Urban,1929.547385619999886,99558.645744323730469,1929.547385616796646,48cdf8b2-5d51-4872-aaed-d50cbf89d35a,0.47,0.00,0.00,Newham 017C,Newham,47.2
"3409",E01003572,Newham 008E,,"540555","184464",51.541600000000003,0.025431000000000,048cd9b6-4863-4271-980b-e9bd517a6293,E01003572,UN1,Urban: Nearer to a major town or city,Urban,1662.724722969999902,93765.977943420410156,1662.724722969565619,151d8916-b96a-4ef8-882a-81b4d36f38c1,0.49,0.00,0.00,Newham 008E,Newham,51.2
"3413",E01003576,Newham 002A,,"542934","185981",51.554600000000001,0.060327000000000,197dd817-dba0-4955-a9c0-080f12cb4f6a,E01003576,UN1,Urban: Nearer to a major town or city,Urban,3099.615086530000099,149613.347656250000000,3099.615086533335216,c9258644-2315-4f6e-bfbd-2f467447fd8b,0.75,0.00,0.00,Newham 002A,Newham,47.3
"3415",E01003578,Newham 003A,,"542324","186274",51.557400000000001,0.051653000000000,261f8f22-4ea4-4e9d-a72d-90f8850c02ac,E01003578,UN1,Urban: Nearer to a major town or city,Urban,4989.852426360000209,828028.200462341425009,4989.852426355510943,b3eedf6d-8db9-4268-94e1-b5e17ed8e24f,0.44,0.00,0.00,Newham 003A,Newham,45.7
"3418",E01003581,Newham 002B,,"542735","185695",51.552100000000003,0.057343000000000,0677f5c4-f130-4776-9275-294f96156959,E01003581,UN1,Urban: Nearer to a major town or city,Urban,1639.118911629999957,101581.806152343750000,1639.118911627673697,14234859-f535-42a8-b46f-00d832b35db8,0.46,0.00,0.00,Newham 002B,Newham,47.3
"3419",E01003582,Newham 002C,,"543098","185587",51.551000000000002,0.062531000000000,473d31f6-c96b-4963-a02b-d26d99771e85,E01003582,UN1,Urban: Nearer to a major town or city,Urban,1567.680582250000043,85713.982650756835938,1567.680582246205404,43e38dca-e229-4db2-9344-52f07c9856bd,0.57,0.00,0.00,Newham 002C,Newham,47.3
"3420",E01003583,Newham 002D,,"542961","185391",51.549300000000002,0.060477000000000,2ecc98b5-8a69-4828-b7e9-5cac3965001b,E01003583,UN1,Urban: Nearer to a major town or city,Urban,1830.764945630000057,98123.372589111328125,1830.764945631939327,cfcd00ca-8d96-40e2-9cba-0712ed2064b8,0.50,0.00,0.00,Newham 002D,Newham,47.3
"3414",E01003577,Newham 005C,,"543272","185919",51.554000000000002,0.065174000000000,8d5577c8-b6b1-4c45-820e-d09f6f3f94c6,E01003577,UN1,Urban: Nearer to a major town or city,Urban,2459.354642950000198,174715.688934326171875,2459.354642948282162,1c0e805f-5c3a-4224-8296-818371ce4615,0.82,0.00,0.00,Newham 005C,Newham,44.9
"3417",E01003580,Newham 005D,,"543316","185201",51.547499999999999,0.065516000000000,85beb7ee-a8a2-47a4-8ad0-ba95f89c6e02,E01003580,UN1,Urban: Nearer to a major town or city,Urban,2025.223576869999761,223495.062881469726562,2025.223576871832165,a387dcea-1467-49a9-a886-2addec0236ed,0.61,0.00,1.00,Newham 005D,Newham,44.9
"3428",E01003591,Newham 004D,,"542150","185588",51.551299999999998,0.048868000000000,3f60323c-3e87-4e67-b096-e4c7cbc9333e,E01003591,UN1,Urban: Nearer to a major town or city,Urban,2697.650088039999901,164584.244888305664062,2697.650088037230944,b672e837-51b0-4eed-85fa-ed98db240650,0.65,0.00,0.00,Newham 004D,Newham,49.5
"3431",E01003594,Newham 026A,,"540164","182948",51.528100000000002,0.019193000000000,f7ef18e7-0875-494d-9a43-44d6019cec37,E01003594,UN1,Urban: Nearer to a major town or city,Urban,2251.880436110000119,115949.378784179687500,2251.880436107705918,746e5fd1-9fab-47bb-a51e-81f779bb7709,0.52,0.00,0.00,Newham 026A,Newham,51.4
"3432",E01003595,Newham 026B,,"540420","183102",51.529400000000003,0.022943000000000,70b0d78a-2f12-4842-b23f-4a4ac9e3566e,E01003595,UN1,Urban: Nearer to a major town or city,Urban,1967.200314310000067,92474.183715820312500,1967.200314305851407,f4c3ad13-2a7e-4531-a5b7-fd53e4982d4d,0.54,0.00,0.00,Newham 026B,Newham,51.4
"3437",E01003600,Newham 021B,,"540243","183339",51.531599999999997,0.020487000000000,c6df4924-9ae3-452f-b88b-b9b4eabadf98,E01003600,UN1,Urban: Nearer to a major town or city,Urban,2713.253928190000352,110210.889900207519531,2713.253928187280053,43e9dd07-db8b-446a-a4f1-d86ae47796de,0.65,0.00,0.00,Newham 021B,Newham,52.7
"3459",E01003630,Newham 021C,,"539856","183533",51.533400000000000,0.014988000000000,0529503c-8000-40ce-8ae4-c8e14633e3a2,E01003630,UN1,Urban: Nearer to a major town or city,Urban,2504.621677770000588,104332.332397460937500,2504.621677774635828,6ba791e6-39d4-4251-ae15-554f3bc9ae44,0.54,0.00,0.00,Newham 021C,Newham,52.7
"3435",E01003598,Newham 021A,,"540249","183620",51.534100000000002,0.020685000000000,6564d00e-827c-486c-bdad-d489e53010e6,E01003598,UN1,Urban: Nearer to a major town or city,Urban,1698.957878380000011,71890.861953735351562,1698.957878380255124,a018377e-af95-462a-9013-3582037bad7b,0.57,0.00,0.00,Newham 021A,Newham,52.7
"3466",E01003637,Newham 021D,,"539811","183780",51.535600000000002,0.014438000000000,78e82277-fe0e-4916-bd69-9af4cf79ced2,E01003637,UN1,Urban: Nearer to a major town or city,Urban,2113.942040190000171,94156.000198364243261,2113.942040192554487,55ca869d-0406-46b4-8b68-8583122462b1,0.34,0.00,0.00,Newham 021D,Newham,52.7
"3438",E01003601,Newham 028A,,"541151","182162",51.520699999999998,0.033097000000000,f5a4993b-6f45-4ead-ad37-23cbbe078cc1,E01003601,UN1,Urban: Nearer to a major town or city,Urban,3742.678534730000592,353575.043586730957031,3742.678534727059287,85c91a1f-4a1f-4272-834e-c01d6b451c03,0.73,0.00,0.00,Newham 028A,Newham,47.1
"3439",E01003602,Newham 026C,,"540730","182460",51.523499999999999,0.027152000000000,aedc0e5b-4db5-4133-a57d-34b3750ef751,E01003602,UN1,Urban: Nearer to a major town or city,Urban,1979.284500859999980,119266.558471679687500,1979.284500857511830,af1f773f-2bc1-4777-8fa7-40be590fa89e,0.44,0.00,0.00,Newham 026C,Newham,51.4
"3443",E01003607,Newham 026D,,"540705","182910",51.527600000000000,0.026972000000000,cd5f5415-ceda-4cee-ab47-94b088e8435e,E01003607,UN1,Urban: Nearer to a major town or city,Urban,1619.982392820000086,125691.765815734863281,1619.982392818831613,e6f3ee4c-0e68-4e4e-8d67-142f17c06da9,0.56,0.00,0.00,Newham 026D,Newham,51.4
"32241",E01034202,Newham 022F,,"540995","182984",51.528199999999998,0.031179000000000,1c961eb6-db17-4c90-9ca5-940c8945c45f,E01034202,UN1,Urban: Nearer to a major town or city,Urban,2079.107544129999951,94315.580703735351562,2079.107544134566979,a59e23f3-59c1-41cf-9f31-98006488dbb6,,,,Newham 022F,Newham,52.7
"3440",E01003603,Newham 028B,,"541403","182628",51.524900000000002,0.036914000000000,56ec691e-929a-4df9-9a20-7eeef208ad89,E01003603,UN1,Urban: Nearer to a major town or city,Urban,2728.182523209999999,202894.642021179199219,2728.182523208633484,5d3ea28b-dde6-4793-a742-c4d88696f3c5,0.36,0.00,0.00,Newham 028B,Newham,47.1
"3444",E01003608,Newham 028D,,"541192","182719",51.525700000000001,0.033911000000000,73b94e2d-de17-4d7c-a172-a654b4b1c05f,E01003608,UN1,Urban: Nearer to a major town or city,Urban,1618.946164630000112,93026.703071594238281,1618.946164630998965,bbed9d48-01a1-404b-b098-f8d3a024389a,0.39,0.00,0.00,Newham 028D,Newham,47.1
"3450",E01003621,Newham 023C,,"543045","183806",51.534999999999997,0.061044000000000,ac6378cd-77ba-495f-b18c-9fd3562a7ba7,E01003621,UN1,Urban: Nearer to a major town or city,Urban,1224.947446780000064,67052.441612243652344,1224.947446775687922,24c70cdc-79d0-4f22-a6cd-6507536eec1c,0.37,0.00,0.00,Newham 023C,Newham,42.4
"3451",E01003622,Newham 023D,,"543459","183821",51.535100000000000,0.067015000000000,d9717c22-9f7a-45f9-b1e4-bb94a522c2c7,E01003622,UN1,Urban: Nearer to a major town or city,Urban,4186.930695430000014,241545.458847045898438,4186.930695427688079,22e579aa-0b68-425d-8888-ad2b174361ba,0.64,0.00,0.00,Newham 023D,Newham,42.4
"3452",E01003623,Newham 023E,,"543560","183425",51.531500000000001,0.068309000000000,959281a1-c991-41fe-b28c-e9586d192838,E01003623,UN1,Urban: Nearer to a major town or city,Urban,2604.827914770000007,272154.253967285156250,2604.827914774785313,262818db-065d-43d8-87dd-bf9fa59dd92f,0.58,0.00,0.00,Newham 023E,Newham,42.4
"3457",E01003628,Newham 015D,,"543160","184049",51.537199999999999,0.062800000000000,6d8df474-b7cb-4f6c-8f4f-16436c241c89,E01003628,UN1,Urban: Nearer to a major town or city,Urban,2005.905125289999887,92848.324851989746094,2005.905125290713841,b69c2d76-3c2f-4efb-a6c5-6ba0012c055d,0.32,1.00,0.00,Newham 015D,Newham,42.3
"3458",E01003629,Newham 015E,,"542671","184031",51.537199999999999,0.055747000000000,1aa512d5-8de2-4deb-beef-61f58660c302,E01003629,UN1,Urban: Nearer to a major town or city,Urban,1149.621640370000023,65132.944557189941406,1149.621640367756527,32aa05a2-ec9f-497d-b638-bbecaaaa9f9f,0.47,0.00,0.00,Newham 015E,Newham,42.3
"3462",E01003633,Newham 020C,,"539394","183577",51.533900000000003,0.008349000000000,8aa267dc-39e9-4566-af1a-905a2ef0133b,E01003633,UN1,Urban: Nearer to a major town or city,Urban,1826.383975140000075,96301.011161804199219,1826.383975141773817,1836bb9c-3db2-4410-b548-6a5c90b61df2,0.79,0.00,0.00,Newham 020C,Newham,53
"3463",E01003634,Newham 020D,,"539072","183758",51.535600000000002,0.003782000000000,f0872b2e-ce5a-488e-a41f-9804497307b7,E01003634,UN1,Urban: Nearer to a major town or city,Urban,1745.833029460000034,145213.781311035156250,1745.833029458058036,526c08c8-000f-4bdd-938f-f239cc5232c8,0.57,0.00,0.00,Newham 020D,Newham,53
"3449",E01003619,Newham 012D,,"538893","184114",51.538800000000002,0.001343000000000,6c608c10-48ef-4cc7-9b8b-d278a1cb3e29,E01003619,UN1,Urban: Nearer to a major town or city,Urban,3298.231221179999920,254101.463142395019531,3298.231221178607939,ae08f699-82cd-4ba2-bdc6-91218d3ec9c2,0.68,0.00,0.00,Newham 012D,Newham,67
"31674",E01033586,Newham 040D,,"538630","183273",51.531300000000002,-0.002780000000000,ee768a2e-5d45-42a1-81fb-72c0b72372e0,E01033586,UN1,Urban: Nearer to a major town or city,Urban,4050.026863479999975,751365.364387512207031,4050.026863484293699,ade625d1-eb3a-46a1-bbb1-844679c9cbe8,0.66,0.00,1.00,Newham 040D,Newham,70.8
"32238",E01034199,Newham 012E,,"538888","184896",51.545900000000003,0.001579000000000,6ca27274-1db1-4507-89d1-490b395a6cbf,E01034199,UN1,Urban: Nearer to a major town or city,Urban,2089.620824730000095,105587.194679260253906,2089.620824734377038,d6eafbbd-e6ad-4357-a016-bdd81b0b1147,,,,Newham 012E,Newham,67
"32239",E01034200,Newham 012F,,"538881","184529",51.542600000000000,0.001334000000000,cb262565-ee95-45f7-b7be-cd16ea6d66a7,E01034200,UN1,Urban: Nearer to a major town or city,Urban,1708.859851380000009,127111.969215393066406,1708.859851375275184,e727e65b-c067-40ad-b0a5-45912af2cc1e,,,,Newham 012F,Newham,67
"32258",E01034219,Newham 039C,,"538631","184823",51.545299999999997,-0.002150000000000,d1684455-26ce-46e0-875b-c69e4ab18848,E01034219,UN1,Urban: Nearer to a major town or city,Urban,2611.052915450000000,161880.494422912597656,2611.052915454549293,098e5ecd-1b7e-4a48-94c9-709e3e476b42,,,,Newham 039C,Newham,66.2
"32259",E01034220,Newham 039D,,"538390","184501",51.542400000000001,-0.005750000000000,bb77ce84-dd81-4c71-b6c1-6d7627e56d9d,E01034220,UN1,Urban: Nearer to a major town or city,Urban,4251.109642880000138,338280.675109863281250,4251.109642884611276,f26a1664-a7cb-479e-b99e-d6a1f5e812f8,,,,Newham 039D,Newham,66.2
"32252",E01034213,Newham 038A,,"537786","185247",51.549300000000002,-0.014170000000000,8de54aaf-961d-445f-a845-b9706caa0328,E01034213,UN1,Urban: Nearer to a major town or city,Urban,2959.766429859999789,298984.240509033203125,2959.766429863157100,1ecca4f1-cc5d-4c1e-80e6-636532fa145e,,,,Newham 038A,Newham,68.3
"32253",E01034214,Newham 038B,,"538086","185070",51.547600000000003,-0.009910000000000,066c3bc3-594f-48e3-a2fd-73ba58c942db,E01034214,UN1,Urban: Nearer to a major town or city,Urban,1175.335566389999940,35287.996406555175781,1175.335566387973586,fd0d8dc4-e952-4f2d-b784-9b85c4267f96,,,,Newham 038B,Newham,68.3
"32254",E01034215,Newham 038C,,"538244","185039",51.547300000000000,-0.007650000000000,5d65417e-b4a4-4ceb-820c-111d3d1acf3a,E01034215,UN1,Urban: Nearer to a major town or city,Urban,1197.600001150000026,37393.202232360839844,1197.600001145244050,33bd35ef-8a91-4a42-b930-383e973bab37,,,,Newham 038C,Newham,68.3
"32256",E01034217,Newham 038E,,"537941","184700",51.544300000000000,-0.012150000000000,e2c152b7-7c20-4857-94e4-ec723993512c,E01034217,UN1,Urban: Nearer to a major town or city,Urban,3382.746586419999858,289182.860626220703125,3382.746586417352773,139bb9b8-1a80-47e9-9bc1-dc895dd5f2f3,,,,Newham 038E,Newham,68.3
"32257",E01034218,Newham 039B,,"538294","185297",51.549599999999998,-0.006820000000000,ad9b6cd4-4326-4877-987c-a28b1d8711c2,E01034218,UN1,Urban: Nearer to a major town or city,Urban,4150.081312360000084,206642.734710693359375,4150.081312360777702,22ef4396-dd3b-4a83-a909-09f28b0aa4df,,,,Newham 039B,Newham,66.2
"32255",E01034216,Newham 038D,,"538370","184909",51.546100000000003,-0.005880000000000,295e0c8a-b354-4474-bb2f-ba1345b763f8,E01034216,UN1,Urban: Nearer to a major town or city,Urban,1608.550012930000094,63381.431312561035156,1608.550012929425066,076b7e4c-0569-43c6-b815-0db47ac3efe4,,,,Newham 038D,Newham,68.3
"31669",E01033579,Newham 040C,,"537880","183346",51.532200000000003,-0.013550000000000,87219046-438d-4e06-824e-c239bb645b9a,E01033579,UN1,Urban: Nearer to a major town or city,Urban,3995.373558379999849,440232.448890686035156,3995.373558380178565,bd4b4934-620a-45a6-a00a-c169b6eb9a85,0.31,0.00,0.00,Newham 040C,Newham,70.8
"32260",E01034221,Newham 039E,,"538379","184026",51.538200000000003,-0.006100000000000,e907d513-591a-4743-be41-975a19c7562c,E01034221,UN1,Urban: Nearer to a major town or city,Urban,2287.755158009999832,146415.155021667480469,2287.755158011687399,2fe2a622-4e56-41ad-86af-386552f4f345,,,,Newham 039E,Newham,66.2
"32261",E01034222,Newham 040A,,"537952","183980",51.537900000000000,-0.012270000000000,2dc21b9d-32a2-4287-a6a9-f9fc5e40c49c,E01034222,UN1,Urban: Nearer to a major town or city,Urban,3598.900084349999815,507018.182960510253906,3598.900084346368203,7bf80173-3f8d-4b2e-84d3-b4a24a8ee0e7,,,,Newham 040A,Newham,70.8
"32262",E01034223,Newham 040B,,"538393","183640",51.534700000000001,-0.006050000000000,8f8b4354-b23c-4596-b2ed-9a53bfaad4c5,E01034223,UN1,Urban: Nearer to a major town or city,Urban,1564.560628570000063,60628.660194396972656,1564.560628569095570,8fcf2715-3380-4388-bac2-99438179f913,,,,Newham 040B,Newham,70.8
"32263",E01034224,Newham 041D,,"542100","180035",51.501399999999997,0.045909000000000,c4f194a6-07dd-4c9a-93aa-5fec5d54b9de,E01034224,UN1,Urban: Nearer to a major town or city,Urban,6188.586506460000237,956212.027412414550781,6188.586506464237573,46972420-a49a-4c9c-8b39-25669835f977,,,,Newham 041D,Newham,48.8
"32264",E01034225,Newham 042B,,"541442","180222",51.503200000000000,0.036511000000000,fea816d5-53b8-484f-9aeb-0fb6410998e2,E01034225,UN1,Urban: Nearer to a major town or city,Urban,4324.928561679999802,439124.571685791015625,4324.928561678550068,27804519-dbe7-4827-9171-58530759ab61,,,,Newham 042B,Newham,60.1
"32265",E01034226,Newham 042C,,"541453","180028",51.501500000000000,0.036591000000000,308d4f88-1ecc-4368-be14-40c73b6a370b,E01034226,UN1,Urban: Nearer to a major town or city,Urban,1112.782088570000042,38785.229873657226562,1112.782088566786342,40edd540-a303-4bbf-9a58-7e63c8623c84,,,,Newham 042C,Newham,60.1
"32267",E01034228,Newham 042E,,"541142","179944",51.500799999999998,0.032080000000000,7e4dc8e0-7d4d-4906-8653-7cdc25df52e1,E01034228,UN1,Urban: Nearer to a major town or city,Urban,1366.897241359999953,64095.445518493652344,1366.897241358894235,8777d427-2d98-4630-a576-f7a83b5982e7,,,,Newham 042E,Newham,60.1
"32270",E01034231,Newham 042H,,"541278","179820",51.499699999999997,0.033988000000000,bb250f94-974c-40e5-933a-399d7f9936e4,E01034231,UN1,Urban: Nearer to a major town or city,Urban,2667.099310850000165,317128.036094665527344,2667.099310851991959,883beb0c-8ff2-449d-a271-ed2252ecd781,,,,Newham 042H,Newham,60.1
"31670",E01033580,Newham 042A,,"540729","180295",51.504100000000001,0.026274000000000,839b3938-f45e-4344-a36c-eece25f5db95,E01033580,UN1,Urban: Nearer to a major town or city,Urban,2868.930709279999974,84007.978538513183594,2868.930709280113660,4662856b-c0c5-4cca-accd-3dbf77a00e4d,0.00,0.00,0.00,Newham 042A,Newham,60.1
"32266",E01034227,Newham 042D,,"540832","180017",51.501500000000000,0.027646000000000,5063ad7e-90b4-4d4a-98e1-a916758f3f2d,E01034227,UN1,Urban: Nearer to a major town or city,Urban,1090.987100650000002,45771.199836730957031,1090.987100653135712,1cc4de06-31ff-4baf-ae25-1a8fc7f5ce3b,,,,Newham 042D,Newham,60.1
"32268",E01034229,Newham 042F,,"540348","180091",51.502299999999998,0.020707000000000,7213b852-7ae5-4095-b697-902ba47401ac,E01034229,UN1,Urban: Nearer to a major town or city,Urban,4557.658245640000132,773634.640182495117188,4557.658245637403525,0061bf89-feba-4bc4-af6c-84e911cc23c5,,,,Newham 042F,Newham,60.1
"32269",E01034230,Newham 042G,,"540782","179864",51.500200000000000,0.026865000000000,13d4c8c9-46de-4859-8105-7478feabdad0,E01034230,UN1,Urban: Nearer to a major town or city,Urban,1077.906143989999919,42165.543647766113281,1077.906143992461921,390eddbd-d939-4873-8608-3d4fe467f43f,,,,Newham 042G,Newham,60.1
"3324",E01003483,Newham 032A,,"542083","181918",51.518300000000004,0.046423000000000,8e9e8fb2-9d54-482f-b9a2-02b50cd1ebb8,E01003483,UN1,Urban: Nearer to a major town or city,Urban,3401.529241539999930,245330.012237548828125,3401.529241539545637,57742a20-2c30-4222-a849-57da76bc7d9f,0.73,0.00,0.00,Newham 032A,Newham,39.6
"3325",E01003484,Newham 032B,,"542576","181891",51.517899999999997,0.053513000000000,d32b6405-d641-4a7a-a058-64efd104a5e1,E01003484,UN1,Urban: Nearer to a major town or city,Urban,2122.883591809999871,101182.244209289550781,2122.883591814966621,48619cea-c76b-4227-947d-769ef080f519,0.35,0.00,0.00,Newham 032B,Newham,39.6
"3326",E01003485,Newham 035C,,"542352","181536",51.514800000000001,0.050143000000000,901cbe14-1b4a-4250-bb91-8f034c96b6a3,E01003485,UN1,Urban: Nearer to a major town or city,Urban,3145.559565470000052,151102.500495910644531,3145.559565466798176,3aad4586-d326-41f5-adb2-096102e31068,0.39,0.00,0.00,Newham 035C,Newham,39.9
"3327",E01003486,Newham 033C,,"543008","181564",51.514899999999997,0.059602000000000,ded6307f-36dd-4ded-b75e-87b8da5a879a,E01003486,UN1,Urban: Nearer to a major town or city,Urban,3672.879274960000203,218542.868087768554688,3672.879274959542727,5be34ca7-6815-451c-80c6-a668f946bda4,1.00,0.00,0.00,Newham 033C,Newham,45.9
"3377",E01003540,Newham 029C,,"542904","182348",51.521999999999998,0.058422000000000,0ae41806-4344-452d-b49d-acc664816c14,E01003540,UN1,Urban: Nearer to a major town or city,Urban,2822.274211439999817,207694.969917297363281,2822.274211436205860,dfd6444c-6542-4a01-adc0-50fa75a0fb27,0.77,0.00,0.00,Newham 029C,Newham,40.6
"3378",E01003541,Newham 029D,,"542406","182246",51.521200000000000,0.051207000000000,27e8c18e-d3fe-436c-b781-1f2c2c6fd655,E01003541,UN1,Urban: Nearer to a major town or city,Urban,2662.670508159999827,160885.419502258300781,2662.670508162978876,b74f2f4c-0009-41cd-b3a4-ea8378a86be1,0.47,0.00,0.00,Newham 029D,Newham,40.6
"32244",E01034205,Newham 033E,,"544253","182297",51.521200000000000,0.077831000000000,57b3cf44-a162-45a7-8d86-0f740be5f639,E01034205,UN1,Urban: Nearer to a major town or city,Urban,8329.888437359999443,2459509.544754028320312,8329.888437364796118,537eab77-8d24-45c4-a801-58ad7c1c1cc1,,,,Newham 033E,Newham,45.9
"3380",E01003543,Newham 001A,,"540727","185689",51.552599999999998,0.028398000000000,3c4015e5-b53b-468b-8e5e-7a0f7e47c00b,E01003543,UN1,Urban: Nearer to a major town or city,Urban,2423.886218050000025,165618.681358337402344,2423.886218047406601,fe40e4a7-3b44-404e-8bc5-6e910873706d,0.37,0.00,0.00,Newham 001A,Newham,47.7
"3384",E01003547,Newham 007A,,"541032","185709",51.552700000000002,0.032803000000000,7d61b1df-caf4-4eb8-ae02-979f62b21b5e,E01003547,UN1,Urban: Nearer to a major town or city,Urban,2328.653402039999946,178213.382362365722656,2328.653402042117250,9fccdb35-4aed-4835-bb3c-93dbc6fbb13e,0.26,1.00,0.00,Newham 007A,Newham,41.1
"3421",E01003584,Newham 003B,,"541552","185627",51.551800000000000,0.040265000000000,b0289333-7115-4ebb-89a8-883d8f7b2cb5,E01003584,UN1,Urban: Nearer to a major town or city,Urban,3793.350765300000148,332006.166389465332031,3793.350765298364877,0cfab167-ee2b-4636-8b8b-07d484a788ae,0.53,0.00,1.00,Newham 003B,Newham,45.7
"3381",E01003544,Newham 001B,,"539998","185584",51.551800000000000,0.017849000000000,0f544968-717a-481e-aeab-101fd55d6eec,E01003544,UN1,Urban: Nearer to a major town or city,Urban,3592.260771579999528,151732.978584289550781,3592.260771575764466,68b862cc-060f-4ef8-83a7-a313e7f9afc1,0.51,0.00,0.00,Newham 001B,Newham,47.7
"3383",E01003546,Newham 001C,,"540377","185589",51.551699999999997,0.023314000000000,350a7a12-bc03-4ff4-8b7f-17637da4fc23,E01003546,UN1,Urban: Nearer to a major town or city,Urban,2618.680494100000033,116185.770835876464844,2618.680494097890005,9d34247e-572d-4f1e-abea-751b9cc2c96a,0.63,0.00,0.00,Newham 001C,Newham,47.7
"3339",E01003499,Newham 030A,,"540410","182453",51.523499999999999,0.022540000000000,23ee49c8-a698-4c59-9dcb-72351b346ee2,E01003499,UN1,Urban: Nearer to a major town or city,Urban,2501.009243080000033,170409.264305114746094,2501.009243078446616,6ad1a262-f61b-4283-89af-d6a7d62215e8,0.81,0.00,0.00,Newham 030A,Newham,58.7
"3445",E01003611,Newham 041C,,"543253","179952",51.500399999999999,0.062476000000000,26acc73e-f492-4b32-9dfe-51bc60a0f330,E01003611,UN1,Urban: Nearer to a major town or city,Urban,2146.532845639999778,149940.536033630341990,2146.532845644467216,e832383c-6986-48ae-b187-1798a892e831,0.58,0.00,0.00,Newham 041C,Newham,48.8
"31671",E01033581,Newham 041A,,"543164","180295",51.503500000000003,0.061334000000000,cc63c4e7-42f1-47d8-854a-0282bcaf2e21,E01033581,UN1,Urban: Nearer to a major town or city,Urban,8170.435539619999872,1313018.582328796619549,8170.435539620630152,1a1a67d8-50d0-4413-8af4-6c81b5c472be,0.67,0.00,0.00,Newham 041A,Newham,48.8
"31672",E01033582,Newham 041B,,"543829","179993",51.500599999999999,0.070785000000000,a8b36e3c-9254-4d4b-a0fc-378fdb432db4,E01033582,UN1,Urban: Nearer to a major town or city,Urban,4217.685611240000071,569190.743064880371094,4217.685611238110141,e4691f8c-5256-4bc9-a8e3-2e2a514717c1,0.15,0.00,0.00,Newham 041B,Newham,48.8
"3385",E01003548,Newham 006B,,"539429","185445",51.550699999999999,0.009593000000000,28ed12b1-fde2-42c1-9a77-577936c3a7c8,E01003548,UN1,Urban: Nearer to a major town or city,Urban,3152.822924300000068,230068.426414489716990,3152.822924304016851,35f18d58-072d-488f-b011-1bfc9cc17413,0.34,1.00,0.00,Newham 006B,Newham,53.7
"3446",E01003615,Newham 039A,,"538925","185401",51.550400000000003,0.002312000000000,51dbd3bc-8d36-43bc-9759-4784273612bc,E01003615,UN1,Urban: Nearer to a major town or city,Urban,2064.569550319999962,107997.101593017578125,2064.569550317554786,7394c841-b552-47a8-879c-6b18280fcf4c,0.47,0.00,0.00,Newham 039A,Newham,66.2
"3447",E01003616,Newham 012A,,"539048","185067",51.547400000000003,0.003952000000000,fe57992a-27f5-4e65-8dbf-2a9f28581f3e,E01003616,UN1,Urban: Nearer to a major town or city,Urban,2704.518572219999896,145546.430648803710938,2704.518572220107671,26c34211-10eb-420f-b74d-0f94a038bf62,0.53,0.00,0.00,Newham 012A,Newham,67
"32250",E01034211,Newham 034M,,"539675","180778",51.508699999999997,0.011289000000000,cf821cc2-bfcb-44ab-ac89-74b4ffebd5b0,E01034211,UN1,Urban: Nearer to a major town or city,Urban,3939.382976200000030,378621.691932678222656,3939.382976201995916,2c1dcb9b-dbc1-40d0-8eff-4c7639325ffb,,,,Newham 034M,Newham,63.1
"3322",E01003480,Newham 033A,,"543539","180983",51.509500000000003,0.067013000000000,671516ba-9bd1-4af4-8c20-3dcb16d41e0b,E01003480,UN1,Urban: Nearer to a major town or city,Urban,3017.413843230000111,285641.872833251953125,3017.413843230728162,01d0ce96-b03c-40cd-879b-788642f47229,0.39,0.00,0.00,Newham 033A,Newham,39.9
"3323",E01003481,Newham 035B,,"542903","181059",51.510399999999997,0.057885000000000,01e307a9-a97c-44cf-9c1d-7fee0fb4a2c7,E01003481,UN1,Urban: Nearer to a major town or city,Urban,5126.449471760000051,520039.388107299804688,5126.449471758536674,3f6df42a-ffa6-428c-abb7-dcfcad2e553d,0.51,0.00,0.00,Newham 035B,Newham,39.9
"3328",E01003487,Newham 033D,,"543528","181458",51.513800000000003,0.067048000000000,766e9b7b-a983-4098-880e-1cb9d5acdafc,E01003487,UN1,Urban: Nearer to a major town or city,Urban,2303.855556210000032,124396.952423095703125,2303.855556205688572,4b0f203c-7f01-4864-9b1a-4d58ff95101a,0.89,0.00,0.00,Newham 033D,Newham,45.9
"32245",E01034206,Newham 033F,,"544481","181408",51.513100000000001,0.080751000000000,4e26f9f9-646d-453f-8b7f-fe46f4abd341,E01034206,UN1,Urban: Nearer to a major town or city,Urban,6890.009893929999635,1709632.009536743164062,6890.009893932167870,2679b20c-63a3-44bb-8bff-3ed3f073cd64,,,,Newham 033F,Newham,45.9
"3441",E01003604,Newham 031D,,"540918","181954",51.518900000000002,0.029658000000000,c504b9a9-579c-48a9-bd05-b4290ca0383d,E01003604,UN1,Urban: Nearer to a major town or city,Urban,3112.329341050000039,221401.661666870146291,3112.329341051259689,7509ddd1-7dc6-4014-a7b8-3907c308974d,0.69,0.00,0.00,Newham 031D,Newham,53.3
"3387",E01003550,Newham 001D,,"540300","185913",51.554699999999997,0.022333000000000,1c4199a5-8324-4e58-808c-813053ecf209,E01003550,UN1,Urban: Nearer to a major town or city,Urban,2455.695286210000177,115734.541862487778417,2455.695286209941059,77cdebbb-56ff-4031-80d6-55ff8f7641cd,0.47,0.00,0.00,Newham 001D,Newham,47.7
"3382",E01003545,Newham 006A,,"539867","185291",51.549199999999999,0.015845000000000,c73a971e-4e67-4a5b-9251-c04c9f143e42,E01003545,UN1,Urban: Nearer to a major town or city,Urban,2766.380855309999788,169655.924942016601562,2766.380855308786977,60aec523-5489-4a99-b539-1b1b91e5970c,0.47,0.00,0.00,Newham 006A,Newham,53.7
"3372",E01003535,Newham 023A,,"543827","182989",51.527500000000003,0.071978000000000,4cb8d7e0-44eb-4724-9615-44170972adc0,E01003535,UN1,Urban: Nearer to a major town or city,Urban,4155.895020470000418,517094.990524291992188,4155.895020470957206,6b73fa7a-4341-4ad3-bf3c-82be1f0409a2,0.87,0.00,0.00,Newham 023A,Newham,42.4
"3453",E01003624,Newham 024E,,"543079","183374",51.531199999999998,0.061359000000000,4bf9b1e8-a4e9-42eb-8f89-b8acbe5632c7,E01003624,UN1,Urban: Nearer to a major town or city,Urban,2388.956156379999811,142823.181869506835938,2388.956156377791103,53a6ec4f-59e2-4592-83ac-da2a3d5427ba,0.58,0.00,0.00,Newham 024E,Newham,41.9
"32246",E01034207,Newham 033G,,"544028","180743",51.507300000000001,0.073956000000000,1581dad5-5677-4ee6-9d89-4c0f9143029d,E01034207,UN1,Urban: Nearer to a major town or city,Urban,2345.591485960000227,138309.224967956542969,2345.591485960167120,b176f6a2-c2d8-428c-abd5-9707ed8f93f2,,,,Newham 033G,Newham,39.9
"3342",E01003502,Newham 030C,,"539982","181959",51.519199999999998,0.016179000000000,3bfd9f15-04f5-44c0-9014-547b105b5f37,E01003502,UN1,Urban: Nearer to a major town or city,Urban,3542.571067490000587,150662.805168151855469,3542.571067494946874,5eb08e36-2009-43d9-8aa3-2328e1a4306d,0.71,0.00,0.00,Newham 030C,Newham,58.7
"3343",E01003503,Newham 030D,,"539512","181779",51.517699999999998,0.009338000000000,0bbec239-b7ed-4e27-89b9-ea88df5c1376,E01003503,UN1,Urban: Nearer to a major town or city,Urban,3559.712897819999853,147180.419486999511719,3559.712897822449122,708f1f0f-5181-47ee-9e30-2b8ae9ba17b4,0.78,0.00,0.00,Newham 030D,Newham,58.7
"32248",E01034209,Newham 034K,,"539606","181321",51.513599999999997,0.010511000000000,e42d782e-3870-44d3-8069-8e6d19f2658f,E01034209,UN1,Urban: Nearer to a major town or city,Urban,3251.232264910000140,177666.447326660156250,3251.232264905826014,a9ee2f29-74d3-4ccc-8dac-751c8cd8b36e,,,,Newham 034K,Newham,63.1
"3373",E01003536,Newham 023B,,"543342","182687",51.524900000000002,0.064868000000000,2a65a0ad-78d4-489e-b80b-f0b3d265f164,E01003536,UN1,Urban: Nearer to a major town or city,Urban,2547.353399990000071,174708.646461486816406,2547.353399987749526,1809db8f-2cb2-40ca-9441-b3355278e958,0.53,0.00,0.00,Newham 023B,Newham,42.4
"3375",E01003538,Newham 029A,,"542715","182564",51.524000000000001,0.055787000000000,7a4530d3-077f-4d8c-98b9-1d6ab5a264b5,E01003538,UN1,Urban: Nearer to a major town or city,Urban,2612.714837030000126,173841.974563598632812,2612.714837034353877,bed07993-ac79-4a9e-b7d8-42a8f94a66ce,0.59,0.00,0.00,Newham 029A,Newham,40.6
"3350",E01003513,Newham 035D,,"541939","181383",51.513500000000001,0.044134000000000,618e6517-702b-4860-a1df-d05d06079504,E01003513,UN1,Urban: Nearer to a major town or city,Urban,3846.290583770000012,357718.153480529785156,3846.290583774045899,6f452cff-8a04-46b2-9eef-85621e86f45f,0.34,0.00,0.00,Newham 035D,Newham,39.9
"3427",E01003590,Newham 003D,,"541939","185859",51.553800000000003,0.045936000000000,e4530e34-1b81-4508-a862-b1c49991c196,E01003590,UN1,Urban: Nearer to a major town or city,Urban,3944.953297949999978,257712.075798034667969,3944.953297950742126,31b325d4-dccc-4b5d-9e30-550572128d03,0.76,0.00,0.00,Newham 003D,Newham,45.7
"3321",E01003479,Newham 035A,,"542478","181238",51.512099999999997,0.051837000000000,4c411bbe-9482-4c95-9442-b41fdc274cf1,E01003479,UN1,Urban: Nearer to a major town or city,Urban,3207.534658860000036,302470.969200134277344,3207.534658863192362,0d72a6ad-d664-43c8-b0fa-f9dab0a534e7,0.54,0.00,1.00,Newham 035A,Newham,39.9
"3337",E01003497,Newham 034A,,"538951","181936",51.519300000000001,0.001320000000000,23d6fd9d-6f3a-481a-89e9-6169333b1d98,E01003497,UN1,Urban: Nearer to a major town or city,Urban,5489.054053930000009,732208.861114501953125,5489.054053928080975,0dcba82f-73b0-4f7c-b5f6-897be46a9f56,0.63,0.00,0.00,Newham 034A,Newham,63.1
